query_id,family_id,split_role,integration_exposed,method_id,repeat_denominator,observed_repeat_count,completed_exact_repeats,status_counts,median_wall_ms,wall_ms_by_block,selected_strategies,indeterminate_dispatches,query_calls,acquisition_query_calls,logical_exchange_bytes,acquisition_logical_exchange_bytes,charged_scheduler_ms,acquisition_charged_scheduler_ms,call_boundary_ms,acquisition_call_boundary_ms,persistence_included_ms,persistence_known_included_ms,persistence_unobserved_included_ms_slots,persistence_excluded_ms,persistence_known_excluded_ms,persistence_unobserved_excluded_ms_slots,persistence_included_bytes,persistence_known_included_bytes,persistence_unobserved_included_bytes_slots,persistence_excluded_bytes,persistence_known_excluded_bytes,persistence_unobserved_excluded_bytes_slots
m15-fb-confirmatory-48-f1-01,f1_direct_transfer_control,crossfit_seen_family,True,fixed_hash,6,6,6,"{""completed"":6}",13.047624379396439,"{""balanced-00"":14.05766699463129,""balanced-01"":13.138958252966404,""balanced-02"":12.956290505826473,""balanced-03"":11.75504270941019,""balanced-04"":13.663000427186489,""balanced-05"":11.975165456533432}",{},0,"{""known"":12,""not_attempted_or_missing_action_count"":0,""status"":""complete"",""total"":12,""unknown_action_count"":0}","{""known"":0,""not_attempted_or_missing_action_count"":0,""status"":""not_applicable"",""total"":0,""unknown_action_count"":0}","{""known"":227880,""not_attempted_or_missing_action_count"":0,""status"":""complete"",""total"":227880,""unknown_action_count"":0}","{""known"":0,""not_attempted_or_missing_action_count"":0,""status"":""not_applicable"",""total"":0,""unknown_action_count"":0}","{""known"":59.81099884957075,""not_attempted_or_missing_action_count"":0,""status"":""complete"",""total"":59.81099884957075,""unknown_action_count"":0}","{""known"":0,""not_attempted_or_missing_action_count"":0,""status"":""not_applicable"",""total"":0,""unknown_action_count"":0}","{""known"":64.82291501015425,""not_attempted_or_missing_action_count"":0,""status"":""complete"",""total"":64.82291501015425,""unknown_action_count"":0}","{""known"":0,""not_attempted_or_missing_action_count"":0,""status"":""not_applicable"",""total"":0,""unknown_action_count"":0}",12.31683325022459,12.31683325022459,0,2.236001193523407,2.236001193523407,0,481318,481318,0,5350,5350,0
m15-fb-confirmatory-48-f1-01,f1_direct_transfer_control,crossfit_seen_family,True,fixed_bind,6,6,6,"{""completed"":6}",17.061457969248295,"{""balanced-00"":17.67370942980051,""balanced-01"":15.989291481673717,""balanced-02"":17.907499335706234,""balanced-03"":17.207625322043896,""balanced-04"":16.915290616452694,""balanced-05"":14.209624379873276}",{},0,"{""known"":12,""not_attempted_or_missing_action_count"":0,""status"":""complete"",""total"":12,""unknown_action_count"":0}","{""known"":0,""not_attempted_or_missing_action_count"":0,""status"":""not_applicable"",""total"":0,""unknown_action_count"":0}","{""known"":227340,""not_attempted_or_missing_action_count"":0,""status"":""complete"",""total"":227340,""unknown_action_count"":0}","{""known"":0,""not_attempted_or_missing_action_count"":0,""status"":""not_applicable"",""total"":0,""unknown_action_count"":0}","{""known"":79.49808146804571,""not_attempted_or_missing_action_count"":0,""status"":""complete"",""total"":79.49808146804571,""unknown_action_count"":0}","{""known"":0,""not_attempted_or_missing_action_count"":0,""status"":""not_applicable"",""total"":0,""unknown_action_count"":0}","{""known"":84.85191594809294,""not_attempted_or_missing_action_count"":0,""status"":""complete"",""total"":84.85191594809294,""unknown_action_count"":0}","{""known"":0,""not_attempted_or_missing_action_count"":0,""status"":""not_applicable"",""total"":0,""unknown_action_count"":0}",14.615457504987717,14.615457504987717,0,2.3499997332692146,2.3499997332692146,0,479119,479119,0,5375,5375,0
m15-fb-confirmatory-48-f1-01,f1_direct_transfer_control,crossfit_seen_family,True,paid_selection,6,6,6,"{""completed"":6}",41.77437582984567,"{""balanced-00"":42.18583460897207,""balanced-01"":41.36291705071926,""balanced-02"":44.140917249023914,""balanced-03"":40.877874940633774,""balanced-04"":43.77520736306906,""balanced-05"":39.91083428263664}","{""graph_first_hash"":6}",0,"{""known"":36,""not_attempted_or_missing_action_count"":0,""status"":""complete"",""total"":36,""unknown_action_count"":0}","{""known"":24,""not_attempted_or_missing_action_count"":0,""status"":""complete"",""total"":24,""unknown_action_count"":0}","{""known"":683100,""not_attempted_or_missing_action_count"":0,""status"":""complete"",""total"":683100,""unknown_action_count"":0}","{""known"":455220,""not_attempted_or_missing_action_count"":0,""status"":""complete"",""total"":455220,""unknown_action_count"":0}","{""known"":198.45770951360464,""not_attempted_or_missing_action_count"":0,""status"":""complete"",""total"":198.45770951360464,""unknown_action_count"":0}","{""known"":135.55458467453718,""not_attempted_or_missing_action_count"":0,""status"":""complete"",""total"":135.55458467453718,""unknown_action_count"":0}","{""known"":213.87604344636202,""not_attempted_or_missing_action_count"":0,""status"":""complete"",""total"":213.87604344636202,""unknown_action_count"":0}","{""known"":145.61162516474724,""not_attempted_or_missing_action_count"":0,""status"":""complete"",""total"":145.61162516474724,""unknown_action_count"":0}",37.19283267855644,37.19283267855644,0,2.2605005651712418,2.2605005651712418,0,1484072,1484072,0,13424,13424,0
m15-fb-confirmatory-48-f1-02,f1_direct_transfer_control,crossfit_seen_family,False,fixed_hash,6,6,6,"{""completed"":6}",14.205770567059517,"{""balanced-00"":16.001375392079353,""balanced-01"":15.727500431239605,""balanced-02"":13.176999986171722,""balanced-03"":13.968707993626595,""balanced-04"":14.44283314049244,""balanced-05"":13.055417686700821}",{},0,"{""known"":12,""not_attempted_or_missing_action_count"":0,""status"":""complete"",""total"":12,""unknown_action_count"":0}","{""known"":0,""not_attempted_or_missing_action_count"":0,""status"":""not_applicable"",""total"":0,""unknown_action_count"":0}","{""known"":227880,""not_attempted_or_missing_action_count"":0,""status"":""complete"",""total"":227880,""unknown_action_count"":0}","{""known"":0,""not_attempted_or_missing_action_count"":0,""status"":""not_applicable"",""total"":0,""unknown_action_count"":0}","{""known"":67.21054017543793,""not_attempted_or_missing_action_count"":0,""status"":""complete"",""total"":67.21054017543793,""unknown_action_count"":0}","{""known"":0,""not_attempted_or_missing_action_count"":0,""status"":""not_applicable"",""total"":0,""unknown_action_count"":0}","{""known"":72.38958403468132,""not_attempted_or_missing_action_count"":0,""status"":""complete"",""total"":72.38958403468132,""unknown_action_count"":0}","{""known"":0,""not_attempted_or_missing_action_count"":0,""status"":""not_applicable"",""total"":0,""unknown_action_count"":0}",13.51271104067564,13.51271104067564,0,2.285917289555073,2.285917289555073,0,481312,481312,0,5350,5350,0
m15-fb-confirmatory-48-f1-02,f1_direct_transfer_control,crossfit_seen_family,False,fixed_bind,6,6,6,"{""completed"":6}",16.76177093759179,"{""balanced-00"":16.930917277932167,""balanced-01"":17.922375351190567,""balanced-02"":23.669958114624023,""balanced-03"":15.964625403285027,""balanced-04"":16.592624597251415,""balanced-05"":14.72962461411953}",{},0,"{""known"":12,""not_attempted_or_missing_action_count"":0,""status"":""complete"",""total"":12,""unknown_action_count"":0}","{""known"":0,""not_attempted_or_missing_action_count"":0,""status"":""not_applicable"",""total"":0,""unknown_action_count"":0}","{""known"":227340,""not_attempted_or_missing_action_count"":0,""status"":""complete"",""total"":227340,""unknown_action_count"":0}","{""known"":0,""not_attempted_or_missing_action_count"":0,""status"":""not_applicable"",""total"":0,""unknown_action_count"":0}","{""known"":85.19979380071163,""not_attempted_or_missing_action_count"":0,""status"":""complete"",""total"":85.19979380071163,""unknown_action_count"":0}","{""known"":0,""not_attempted_or_missing_action_count"":0,""status"":""not_applicable"",""total"":0,""unknown_action_count"":0}","{""known"":90.26854299008846,""not_attempted_or_missing_action_count"":0,""status"":""complete"",""total"":90.26854299008846,""unknown_action_count"":0}","{""known"":0,""not_attempted_or_missing_action_count"":0,""status"":""not_applicable"",""total"":0,""unknown_action_count"":0}",15.079250559210777,15.079250559210777,0,2.2364994511008263,2.2364994511008263,0,479132,479132,0,5374,5374,0
m15-fb-confirmatory-48-f1-02,f1_direct_transfer_control,crossfit_seen_family,False,paid_selection,6,6,6,"{""completed"":6}",46.07124999165535,"{""balanced-00"":52.52075009047985,""balanced-01"":46.49604205042124,""balanced-02"":43.283707462251186,""balanced-03"":41.2192502990365,""balanced-04"":54.77070901542902,""balanced-05"":45.64645793288946}","{""graph_first_hash"":6}",0,"{""known"":36,""not_attempted_or_missing_action_count"":0,""status"":""complete"",""total"":36,""unknown_action_count"":0}","{""known"":24,""not_attempted_or_missing_action_count"":0,""status"":""complete"",""total"":24,""unknown_action_count"":0}","{""known"":683100,""not_attempted_or_missing_action_count"":0,""status"":""complete"",""total"":683100,""unknown_action_count"":0}","{""known"":455220,""not_attempted_or_missing_action_count"":0,""status"":""complete"",""total"":455220,""unknown_action_count"":0}","{""known"":225.34004040062428,""not_attempted_or_missing_action_count"":0,""status"":""complete"",""total"":225.34004040062428,""unknown_action_count"":0}","{""known"":161.3699160516262,""not_attempted_or_missing_action_count"":0,""status"":""complete"",""total"":161.3699160516262,""unknown_action_count"":0}","{""known"":241.2698334082961,""not_attempted_or_missing_action_count"":0,""status"":""complete"",""total"":241.2698334082961,""unknown_action_count"":0}","{""known"":171.6572903096676,""not_attempted_or_missing_action_count"":0,""status"":""complete"",""total"":171.6572903096676,""unknown_action_count"":0}",41.25125240534544,41.25125240534544,0,2.2700009867548943,2.2700009867548943,0,1484085,1484085,0,13421,13421,0
m15-fb-confirmatory-48-f1-03,f1_direct_transfer_control,crossfit_seen_family,False,fixed_hash,6,6,6,"{""completed"":6}",14.025687240064144,"{""balanced-00"":22.4867919459939,""balanced-01"":26.101499795913696,""balanced-02"":12.941207736730576,""balanced-03"":14.709082432091236,""balanced-04"":11.932166293263435,""balanced-05"":13.342292048037052}",{},0,"{""known"":12,""not_attempted_or_missing_action_count"":0,""status"":""complete"",""total"":12,""unknown_action_count"":0}","{""known"":0,""not_attempted_or_missing_action_count"":0,""status"":""not_applicable"",""total"":0,""unknown_action_count"":0}","{""known"":227886,""not_attempted_or_missing_action_count"":0,""status"":""complete"",""total"":227886,""unknown_action_count"":0}","{""known"":0,""not_attempted_or_missing_action_count"":0,""status"":""not_applicable"",""total"":0,""unknown_action_count"":0}","{""known"":83.67041684687138,""not_attempted_or_missing_action_count"":0,""status"":""complete"",""total"":83.67041684687138,""unknown_action_count"":0}","{""known"":0,""not_attempted_or_missing_action_count"":0,""status"":""not_applicable"",""total"":0,""unknown_action_count"":0}","{""known"":88.47762271761894,""not_attempted_or_missing_action_count"":0,""status"":""complete"",""total"":88.47762271761894,""unknown_action_count"":0}","{""known"":0,""not_attempted_or_missing_action_count"":0,""status"":""not_applicable"",""total"":0,""unknown_action_count"":0}",12.609748169779778,12.609748169779778,0,2.342456951737404,2.342456951737404,0,481314,481314,0,5348,5348,0
m15-fb-confirmatory-48-f1-03,f1_direct_transfer_control,crossfit_seen_family,False,fixed_bind,6,6,6,"{""completed"":6}",17.334437929093838,"{""balanced-00"":17.93983392417431,""balanced-01"":18.053834326565266,""balanced-02"":16.729041934013367,""balanced-03"":27.354583144187927,""balanced-04"":14.917416498064995,""balanced-05"":15.025208704173565}",{},0,"{""known"":12,""not_attempted_or_missing_action_count"":0,""status"":""complete"",""total"":12,""unknown_action_count"":0}","{""known"":0,""not_attempted_or_missing_action_count"":0,""status"":""not_applicable"",""total"":0,""unknown_action_count"":0}","{""known"":227340,""not_attempted_or_missing_action_count"":0,""status"":""complete"",""total"":227340,""unknown_action_count"":0}","{""known"":0,""not_attempted_or_missing_action_count"":0,""status"":""not_applicable"",""total"":0,""unknown_action_count"":0}","{""known"":83.35495833307505,""not_attempted_or_missing_action_count"":0,""status"":""complete"",""total"":83.35495833307505,""unknown_action_count"":0}","{""known"":0,""not_attempted_or_missing_action_count"":0,""status"":""not_applicable"",""total"":0,""unknown_action_count"":0}","{""known"":96.38795908540487,""not_attempted_or_missing_action_count"":0,""status"":""complete"",""total"":96.38795908540487,""unknown_action_count"":0}","{""known"":0,""not_attempted_or_missing_action_count"":0,""status"":""not_applicable"",""total"":0,""unknown_action_count"":0}",13.179169967770576,13.179169967770576,0,2.2732093930244446,2.2732093930244446,0,479128,479128,0,5374,5374,0
m15-fb-confirmatory-48-f1-03,f1_direct_transfer_control,crossfit_seen_family,False,paid_selection,6,6,6,"{""completed"":6}",43.789041228592396,"{""balanced-00"":45.68979237228632,""balanced-01"":42.016999796032906,""balanced-02"":48.18562511354685,""balanced-03"":45.561082661151886,""balanced-04"":38.77112548798323,""balanced-05"":41.10629204660654}","{""graph_first_hash"":6}",0,"{""known"":36,""not_attempted_or_missing_action_count"":0,""status"":""complete"",""total"":36,""unknown_action_count"":0}","{""known"":24,""not_attempted_or_missing_action_count"":0,""status"":""complete"",""total"":24,""unknown_action_count"":0}","{""known"":683112,""not_attempted_or_missing_action_count"":0,""status"":""complete"",""total"":683112,""unknown_action_count"":0}","{""known"":455226,""not_attempted_or_missing_action_count"":0,""status"":""complete"",""total"":455226,""unknown_action_count"":0}","{""known"":208.99329520761967,""not_attempted_or_missing_action_count"":0,""status"":""complete"",""total"":208.99329520761967,""unknown_action_count"":0}","{""known"":146.94841857999563,""not_attempted_or_missing_action_count"":0,""status"":""complete"",""total"":146.94841857999563,""unknown_action_count"":0}","{""known"":223.98996260017157,""not_attempted_or_missing_action_count"":0,""status"":""complete"",""total"":223.98996260017157,""unknown_action_count"":0}","{""known"":157.05771278589964,""not_attempted_or_missing_action_count"":0,""status"":""complete"",""total"":157.05771278589964,""unknown_action_count"":0}",36.116122268140316,36.116122268140316,0,2.4274587631225586,2.4274587631225586,0,1484098,1484098,0,13422,13422,0
m15-fb-confirmatory-48-f1-04,f1_direct_transfer_control,crossfit_seen_family,False,fixed_hash,6,6,6,"{""completed"":6}",13.64760473370552,"{""balanced-00"":16.114416532218456,""balanced-01"":12.764458544552326,""balanced-02"":13.749917037785053,""balanced-03"":13.67858424782753,""balanced-04"":13.616625219583511,""balanced-05"":12.537875212728977}",{},0,"{""known"":12,""not_attempted_or_missing_action_count"":0,""status"":""complete"",""total"":12,""unknown_action_count"":0}","{""known"":0,""not_attempted_or_missing_action_count"":0,""status"":""not_applicable"",""total"":0,""unknown_action_count"":0}","{""known"":227880,""not_attempted_or_missing_action_count"":0,""status"":""complete"",""total"":227880,""unknown_action_count"":0}","{""known"":0,""not_attempted_or_missing_action_count"":0,""status"":""not_applicable"",""total"":0,""unknown_action_count"":0}","{""known"":64.29287604987621,""not_attempted_or_missing_action_count"":0,""status"":""complete"",""total"":64.29287604987621,""unknown_action_count"":0}","{""known"":0,""not_attempted_or_missing_action_count"":0,""status"":""not_applicable"",""total"":0,""unknown_action_count"":0}","{""known"":69.3257488310337,""not_attempted_or_missing_action_count"":0,""status"":""complete"",""total"":69.3257488310337,""unknown_action_count"":0}","{""known"":0,""not_attempted_or_missing_action_count"":0,""status"":""not_applicable"",""total"":0,""unknown_action_count"":0}",12.63012457638979,12.63012457638979,0,2.5951648131012917,2.5951648131012917,0,481317,481317,0,5350,5350,0
m15-fb-confirmatory-48-f1-04,f1_direct_transfer_control,crossfit_seen_family,False,fixed_bind,6,6,6,"{""completed"":6}",15.687291976064444,"{""balanced-00"":18.594542518258095,""balanced-01"":16.281750053167343,""balanced-02"":15.28070867061615,""balanced-03"":16.093875281512737,""balanced-04"":14.708041213452816,""balanced-05"":14.812083914875984}",{},0,"{""known"":12,""not_attempted_or_missing_action_count"":0,""status"":""complete"",""total"":12,""unknown_action_count"":0}","{""known"":0,""not_attempted_or_missing_action_count"":0,""status"":""not_applicable"",""total"":0,""unknown_action_count"":0}","{""known"":227340,""not_attempted_or_missing_action_count"":0,""status"":""complete"",""total"":227340,""unknown_action_count"":0}","{""known"":0,""not_attempted_or_missing_action_count"":0,""status"":""not_applicable"",""total"":0,""unknown_action_count"":0}","{""known"":78.33000086247921,""not_attempted_or_missing_action_count"":0,""status"":""complete"",""total"":78.33000086247921,""unknown_action_count"":0}","{""known"":0,""not_attempted_or_missing_action_count"":0,""status"":""not_applicable"",""total"":0,""unknown_action_count"":0}","{""known"":83.36058352142572,""not_attempted_or_missing_action_count"":0,""status"":""complete"",""total"":83.36058352142572,""unknown_action_count"":0}","{""known"":0,""not_attempted_or_missing_action_count"":0,""status"":""not_applicable"",""total"":0,""unknown_action_count"":0}",11.996706947684288,11.996706947684288,0,2.21987534314394,2.21987534314394,0,479126,479126,0,5374,5374,0
m15-fb-confirmatory-48-f1-04,f1_direct_transfer_control,crossfit_seen_family,False,paid_selection,6,6,6,"{""completed"":6}",44.07781222835183,"{""balanced-00"":48.25495835393667,""balanced-01"":43.855457566678524,""balanced-02"":44.30016689002514,""balanced-03"":45.0787078589201,""balanced-04"":43.54179184883833,""balanced-05"":39.893459528684616}","{""graph_first_hash"":6}",0,"{""known"":36,""not_attempted_or_missing_action_count"":0,""status"":""complete"",""total"":36,""unknown_action_count"":0}","{""known"":24,""not_attempted_or_missing_action_count"":0,""status"":""complete"",""total"":24,""unknown_action_count"":0}","{""known"":683100,""not_attempted_or_missing_action_count"":0,""status"":""complete"",""total"":683100,""unknown_action_count"":0}","{""known"":455220,""not_attempted_or_missing_action_count"":0,""status"":""complete"",""total"":455220,""unknown_action_count"":0}","{""known"":208.33349972963333,""not_attempted_or_missing_action_count"":0,""status"":""complete"",""total"":208.33349972963333,""unknown_action_count"":0}","{""known"":144.464498385787,""not_attempted_or_missing_action_count"":0,""status"":""complete"",""total"":144.464498385787,""unknown_action_count"":0}","{""known"":224.3452100083232,""not_attempted_or_missing_action_count"":0,""status"":""complete"",""total"":224.3452100083232,""unknown_action_count"":0}","{""known"":154.9741681665182,""not_attempted_or_missing_action_count"":0,""status"":""complete"",""total"":154.9741681665182,""unknown_action_count"":0}",39.332423359155655,39.332423359155655,0,2.3926254361867905,2.3926254361867905,0,1484070,1484070,0,13422,13422,0
m15-fb-confirmatory-48-f1-05,f1_direct_transfer_control,crossfit_seen_family,False,fixed_hash,6,6,6,"{""completed"":6}",13.871146366000175,"{""balanced-00"":14.179624617099762,""balanced-01"":13.691000640392303,""balanced-02"":14.051292091608047,""balanced-03"":14.982415363192558,""balanced-04"":12.683916836977005,""balanced-05"":13.092708773911}",{},0,"{""known"":12,""not_attempted_or_missing_action_count"":0,""status"":""complete"",""total"":12,""unknown_action_count"":0}","{""known"":0,""not_attempted_or_missing_action_count"":0,""status"":""not_applicable"",""total"":0,""unknown_action_count"":0}","{""known"":227874,""not_attempted_or_missing_action_count"":0,""status"":""complete"",""total"":227874,""unknown_action_count"":0}","{""known"":0,""not_attempted_or_missing_action_count"":0,""status"":""not_applicable"",""total"":0,""unknown_action_count"":0}","{""known"":64.01029136031866,""not_attempted_or_missing_action_count"":0,""status"":""complete"",""total"":64.01029136031866,""unknown_action_count"":0}","{""known"":0,""not_attempted_or_missing_action_count"":0,""status"":""not_applicable"",""total"":0,""unknown_action_count"":0}","{""known"":69.25812363624573,""not_attempted_or_missing_action_count"":0,""status"":""complete"",""total"":69.25812363624573,""unknown_action_count"":0}","{""known"":0,""not_attempted_or_missing_action_count"":0,""status"":""not_applicable"",""total"":0,""unknown_action_count"":0}",12.970377691090107,12.970377691090107,0,2.307126298546791,2.307126298546791,0,481309,481309,0,5348,5348,0
m15-fb-confirmatory-48-f1-05,f1_direct_transfer_control,crossfit_seen_family,False,fixed_bind,6,6,6,"{""completed"":6}",16.217021271586418,"{""balanced-00"":16.278374940156937,""balanced-01"":17.340917140245438,""balanced-02"":15.681041404604912,""balanced-03"":18.149834126234055,""balanced-04"":14.4342090934515,""balanced-05"":16.1556676030159}",{},0,"{""known"":12,""not_attempted_or_missing_action_count"":0,""status"":""complete"",""total"":12,""unknown_action_count"":0}","{""known"":0,""not_attempted_or_missing_action_count"":0,""status"":""not_applicable"",""total"":0,""unknown_action_count"":0}","{""known"":227340,""not_attempted_or_missing_action_count"":0,""status"":""complete"",""total"":227340,""unknown_action_count"":0}","{""known"":0,""not_attempted_or_missing_action_count"":0,""status"":""not_applicable"",""total"":0,""unknown_action_count"":0}","{""known"":80.24304267019033,""not_attempted_or_missing_action_count"":0,""status"":""complete"",""total"":80.24304267019033,""unknown_action_count"":0}","{""known"":0,""not_attempted_or_missing_action_count"":0,""status"":""not_applicable"",""total"":0,""unknown_action_count"":0}","{""known"":85.14583297073841,""not_attempted_or_missing_action_count"":0,""status"":""complete"",""total"":85.14583297073841,""unknown_action_count"":0}","{""known"":0,""not_attempted_or_missing_action_count"":0,""status"":""not_applicable"",""total"":0,""unknown_action_count"":0}",12.463712133467197,12.463712133467197,0,2.2047897800803185,2.2047897800803185,0,479120,479120,0,5371,5371,0
m15-fb-confirmatory-48-f1-05,f1_direct_transfer_control,crossfit_seen_family,False,paid_selection,6,6,6,"{""completed"":6}",45.01256300136447,"{""balanced-00"":45.77750060707331,""balanced-01"":51.48854199796915,""balanced-02"":46.02104052901268,""balanced-03"":44.24762539565563,""balanced-04"":40.11754132807255,""balanced-05"":42.90325008332729}","{""graph_first_hash"":6}",0,"{""known"":36,""not_attempted_or_missing_action_count"":0,""status"":""complete"",""total"":36,""unknown_action_count"":0}","{""known"":24,""not_attempted_or_missing_action_count"":0,""status"":""complete"",""total"":24,""unknown_action_count"":0}","{""known"":683088,""not_attempted_or_missing_action_count"":0,""status"":""complete"",""total"":683088,""unknown_action_count"":0}","{""known"":455214,""not_attempted_or_missing_action_count"":0,""status"":""complete"",""total"":455214,""unknown_action_count"":0}","{""known"":216.78437571972609,""not_attempted_or_missing_action_count"":0,""status"":""complete"",""total"":216.78437571972609,""unknown_action_count"":0}","{""known"":151.96166839450598,""not_attempted_or_missing_action_count"":0,""status"":""complete"",""total"":151.96166839450598,""unknown_action_count"":0}","{""known"":231.9193361327052,""not_attempted_or_missing_action_count"":0,""status"":""complete"",""total"":231.9193361327052,""unknown_action_count"":0}","{""known"":161.9024183601141,""not_attempted_or_missing_action_count"":0,""status"":""complete"",""total"":161.9024183601141,""unknown_action_count"":0}",37.36595530062914,37.36595530062914,0,2.647457644343376,2.647457644343376,0,1484056,1484056,0,13421,13421,0
m15-fb-confirmatory-48-f1-06,f1_direct_transfer_control,crossfit_seen_family,False,fixed_hash,6,6,6,"{""completed"":6}",13.320645783096552,"{""balanced-00"":14.457833021879196,""balanced-01"":12.226791121065617,""balanced-02"":14.185000211000443,""balanced-03"":14.189207926392555,""balanced-04"":11.783790774643421,""balanced-05"":12.456291355192661}",{},0,"{""known"":12,""not_attempted_or_missing_action_count"":0,""status"":""complete"",""total"":12,""unknown_action_count"":0}","{""known"":0,""not_attempted_or_missing_action_count"":0,""status"":""not_applicable"",""total"":0,""unknown_action_count"":0}","{""known"":227880,""not_attempted_or_missing_action_count"":0,""status"":""complete"",""total"":227880,""unknown_action_count"":0}","{""known"":0,""not_attempted_or_missing_action_count"":0,""status"":""not_applicable"",""total"":0,""unknown_action_count"":0}","{""known"":61.75858248025179,""not_attempted_or_missing_action_count"":0,""status"":""complete"",""total"":61.75858248025179,""unknown_action_count"":0}","{""known"":0,""not_attempted_or_missing_action_count"":0,""status"":""not_applicable"",""total"":0,""unknown_action_count"":0}","{""known"":66.49216637015343,""not_attempted_or_missing_action_count"":0,""status"":""complete"",""total"":66.49216637015343,""unknown_action_count"":0}","{""known"":0,""not_attempted_or_missing_action_count"":0,""status"":""not_applicable"",""total"":0,""unknown_action_count"":0}",12.389209121465683,12.389209121465683,0,2.293957397341728,2.293957397341728,0,481312,481312,0,5352,5352,0
m15-fb-confirmatory-48-f1-06,f1_direct_transfer_control,crossfit_seen_family,False,fixed_bind,6,6,6,"{""completed"":6}",15.55285369977355,"{""balanced-00"":16.76050014793873,""balanced-01"":16.319874674081802,""balanced-02"":15.086041763424873,""balanced-03"":16.019665636122227,""balanced-04"":14.199583791196346,""balanced-05"":14.928542077541351}",{},0,"{""known"":12,""not_attempted_or_missing_action_count"":0,""status"":""complete"",""total"":12,""unknown_action_count"":0}","{""known"":0,""not_attempted_or_missing_action_count"":0,""status"":""not_applicable"",""total"":0,""unknown_action_count"":0}","{""known"":227340,""not_attempted_or_missing_action_count"":0,""status"":""complete"",""total"":227340,""unknown_action_count"":0}","{""known"":0,""not_attempted_or_missing_action_count"":0,""status"":""not_applicable"",""total"":0,""unknown_action_count"":0}","{""known"":75.34216996282339,""not_attempted_or_missing_action_count"":0,""status"":""complete"",""total"":75.34216996282339,""unknown_action_count"":0}","{""known"":0,""not_attempted_or_missing_action_count"":0,""status"":""not_applicable"",""total"":0,""unknown_action_count"":0}","{""known"":80.34783322364092,""not_attempted_or_missing_action_count"":0,""status"":""complete"",""total"":80.34783322364092,""unknown_action_count"":0}","{""known"":0,""not_attempted_or_missing_action_count"":0,""status"":""not_applicable"",""total"":0,""unknown_action_count"":0}",12.537040747702122,12.537040747702122,0,2.4430835619568825,2.4430835619568825,0,479124,479124,0,5375,5375,0
m15-fb-confirmatory-48-f1-06,f1_direct_transfer_control,crossfit_seen_family,False,paid_selection,6,6,6,"{""completed"":6}",41.92702053114772,"{""balanced-00"":47.52216674387455,""balanced-01"":40.81633314490318,""balanced-02"":43.037707917392254,""balanced-03"":40.7498748973012,""balanced-04"":38.82962465286255,""balanced-05"":43.74654125422239}","{""graph_first_hash"":6}",0,"{""known"":36,""not_attempted_or_missing_action_count"":0,""status"":""complete"",""total"":36,""unknown_action_count"":0}","{""known"":24,""not_attempted_or_missing_action_count"":0,""status"":""complete"",""total"":24,""unknown_action_count"":0}","{""known"":683100,""not_attempted_or_missing_action_count"":0,""status"":""complete"",""total"":683100,""unknown_action_count"":0}","{""known"":455220,""not_attempted_or_missing_action_count"":0,""status"":""complete"",""total"":455220,""unknown_action_count"":0}","{""known"":200.53383242338896,""not_attempted_or_missing_action_count"":0,""status"":""complete"",""total"":200.53383242338896,""unknown_action_count"":0}","{""known"":140.86691569536924,""not_attempted_or_missing_action_count"":0,""status"":""complete"",""total"":140.86691569536924,""unknown_action_count"":0}","{""known"":215.32404143363237,""not_attempted_or_missing_action_count"":0,""status"":""complete"",""total"":215.32404143363237,""unknown_action_count"":0}","{""known"":150.81658214330673,""not_attempted_or_missing_action_count"":0,""status"":""complete"",""total"":150.81658214330673,""unknown_action_count"":0}",38.16966060549021,38.16966060549021,0,2.325126901268959,2.325126901268959,0,1484075,1484075,0,13422,13422,0
m15-fb-confirmatory-48-f1-07,f1_direct_transfer_control,crossfit_seen_family,False,fixed_hash,6,6,6,"{""completed"":6}",13.393666595220566,"{""balanced-00"":14.58900049328804,""balanced-01"":14.01595864444971,""balanced-02"":13.60833365470171,""balanced-03"":13.178999535739422,""balanced-04"":12.059707194566727,""balanced-05"":12.313665822148323}",{},0,"{""known"":12,""not_attempted_or_missing_action_count"":0,""status"":""complete"",""total"":12,""unknown_action_count"":0}","{""known"":0,""not_attempted_or_missing_action_count"":0,""status"":""not_applicable"",""total"":0,""unknown_action_count"":0}","{""known"":227880,""not_attempted_or_missing_action_count"":0,""status"":""complete"",""total"":227880,""unknown_action_count"":0}","{""known"":0,""not_attempted_or_missing_action_count"":0,""status"":""not_applicable"",""total"":0,""unknown_action_count"":0}","{""known"":62.33554054051638,""not_attempted_or_missing_action_count"":0,""status"":""complete"",""total"":62.33554054051638,""unknown_action_count"":0}","{""known"":0,""not_attempted_or_missing_action_count"":0,""status"":""not_applicable"",""total"":0,""unknown_action_count"":0}","{""known"":67.19483248889446,""not_attempted_or_missing_action_count"":0,""status"":""complete"",""total"":67.19483248889446,""unknown_action_count"":0}","{""known"":0,""not_attempted_or_missing_action_count"":0,""status"":""not_applicable"",""total"":0,""unknown_action_count"":0}",12.198875658214092,12.198875658214092,0,2.2538723424077034,2.2538723424077034,0,481312,481312,0,5348,5348,0
m15-fb-confirmatory-48-f1-07,f1_direct_transfer_control,crossfit_seen_family,False,fixed_bind,6,6,6,"{""completed"":6}",15.79302130267024,"{""balanced-00"":15.949834138154984,""balanced-01"":15.92750009149313,""balanced-02"":16.576332971453667,""balanced-03"":15.658542513847351,""balanced-04"":15.566541813313961,""balanced-05"":14.180582948029041}",{},0,"{""known"":12,""not_attempted_or_missing_action_count"":0,""status"":""complete"",""total"":12,""unknown_action_count"":0}","{""known"":0,""not_attempted_or_missing_action_count"":0,""status"":""not_applicable"",""total"":0,""unknown_action_count"":0}","{""known"":227340,""not_attempted_or_missing_action_count"":0,""status"":""complete"",""total"":227340,""unknown_action_count"":0}","{""known"":0,""not_attempted_or_missing_action_count"":0,""status"":""not_applicable"",""total"":0,""unknown_action_count"":0}","{""known"":76.5559608116746,""not_attempted_or_missing_action_count"":0,""status"":""complete"",""total"":76.5559608116746,""unknown_action_count"":0}","{""known"":0,""not_attempted_or_missing_action_count"":0,""status"":""not_applicable"",""total"":0,""unknown_action_count"":0}","{""known"":81.57708216458559,""not_attempted_or_missing_action_count"":0,""status"":""complete"",""total"":81.57708216458559,""unknown_action_count"":0}","{""known"":0,""not_attempted_or_missing_action_count"":0,""status"":""not_applicable"",""total"":0,""unknown_action_count"":0}",11.90271507948637,11.90271507948637,0,2.2323327139019966,2.2323327139019966,0,479129,479129,0,5374,5374,0
m15-fb-confirmatory-48-f1-07,f1_direct_transfer_control,crossfit_seen_family,False,paid_selection,6,6,6,"{""completed"":6}",43.42950042337179,"{""balanced-00"":46.31554149091244,""balanced-01"":44.47437543421984,""balanced-02"":42.38462541252375,""balanced-03"":49.361709505319595,""balanced-04"":41.019124910235405,""balanced-05"":42.04941634088755}","{""graph_first_hash"":6}",0,"{""known"":36,""not_attempted_or_missing_action_count"":0,""status"":""complete"",""total"":36,""unknown_action_count"":0}","{""known"":24,""not_attempted_or_missing_action_count"":0,""status"":""complete"",""total"":24,""unknown_action_count"":0}","{""known"":683100,""not_attempted_or_missing_action_count"":0,""status"":""complete"",""total"":683100,""unknown_action_count"":0}","{""known"":455220,""not_attempted_or_missing_action_count"":0,""status"":""complete"",""total"":455220,""unknown_action_count"":0}","{""known"":208.25541485100985,""not_attempted_or_missing_action_count"":0,""status"":""complete"",""total"":208.25541485100985,""unknown_action_count"":0}","{""known"":146.65162470191717,""not_attempted_or_missing_action_count"":0,""status"":""complete"",""total"":146.65162470191717,""unknown_action_count"":0}","{""known"":223.342377692461,""not_attempted_or_missing_action_count"":0,""status"":""complete"",""total"":223.342377692461,""unknown_action_count"":0}","{""known"":156.90162405371666,""not_attempted_or_missing_action_count"":0,""status"":""complete"",""total"":156.90162405371666,""unknown_action_count"":0}",40.88391363620758,40.88391363620758,0,2.2283773869276047,2.2283773869276047,0,1484077,1484077,0,13423,13423,0
m15-fb-confirmatory-48-f1-08,f1_direct_transfer_control,crossfit_seen_family,False,fixed_hash,6,6,6,"{""completed"":6}",16.084333416074514,"{""balanced-00"":60.49733329564333,""balanced-01"":13.205042108893394,""balanced-02"":12.640584260225296,""balanced-03"":28.04454043507576,""balanced-04"":17.7775826305151,""balanced-05"":14.39108420163393}",{},0,"{""known"":12,""not_attempted_or_missing_action_count"":0,""status"":""complete"",""total"":12,""unknown_action_count"":0}","{""known"":0,""not_attempted_or_missing_action_count"":0,""status"":""not_applicable"",""total"":0,""unknown_action_count"":0}","{""known"":227862,""not_attempted_or_missing_action_count"":0,""status"":""complete"",""total"":227862,""unknown_action_count"":0}","{""known"":0,""not_attempted_or_missing_action_count"":0,""status"":""not_applicable"",""total"":0,""unknown_action_count"":0}","{""known"":127.31516640633345,""not_attempted_or_missing_action_count"":0,""status"":""complete"",""total"":127.31516640633345,""unknown_action_count"":0}","{""known"":0,""not_attempted_or_missing_action_count"":0,""status"":""not_applicable"",""total"":0,""unknown_action_count"":0}","{""known"":132.23512470722198,""not_attempted_or_missing_action_count"":0,""status"":""complete"",""total"":132.23512470722198,""unknown_action_count"":0}","{""known"":0,""not_attempted_or_missing_action_count"":0,""status"":""not_applicable"",""total"":0,""unknown_action_count"":0}",13.867583125829697,13.867583125829697,0,2.344083972275257,2.344083972275257,0,481274,481274,0,5346,5346,0
m15-fb-confirmatory-48-f1-08,f1_direct_transfer_control,crossfit_seen_family,False,fixed_bind,6,6,6,"{""completed"":6}",15.998166985809803,"{""balanced-00"":19.340958446264267,""balanced-01"":15.966375358402729,""balanced-02"":14.950750395655632,""balanced-03"":17.30766613036394,""balanced-04"":15.278500504791737,""balanced-05"":16.029958613216877}",{},0,"{""known"":12,""not_attempted_or_missing_action_count"":0,""status"":""complete"",""total"":12,""unknown_action_count"":0}","{""known"":0,""not_attempted_or_missing_action_count"":0,""status"":""not_applicable"",""total"":0,""unknown_action_count"":0}","{""known"":227340,""not_attempted_or_missing_action_count"":0,""status"":""complete"",""total"":227340,""unknown_action_count"":0}","{""known"":0,""not_attempted_or_missing_action_count"":0,""status"":""not_applicable"",""total"":0,""unknown_action_count"":0}","{""known"":81.10683131963015,""not_attempted_or_missing_action_count"":0,""status"":""complete"",""total"":81.10683131963015,""unknown_action_count"":0}","{""known"":0,""not_attempted_or_missing_action_count"":0,""status"":""not_applicable"",""total"":0,""unknown_action_count"":0}","{""known"":86.43004298210144,""not_attempted_or_missing_action_count"":0,""status"":""complete"",""total"":86.43004298210144,""unknown_action_count"":0}","{""known"":0,""not_attempted_or_missing_action_count"":0,""status"":""not_applicable"",""total"":0,""unknown_action_count"":0}",12.042251415550709,12.042251415550709,0,3.7350840866565704,3.7350840866565704,0,479133,479133,0,5375,5375,0
m15-fb-confirmatory-48-f1-08,f1_direct_transfer_control,crossfit_seen_family,False,paid_selection,6,6,6,"{""completed"":6}",43.22327068075538,"{""balanced-00"":121.82354182004929,""balanced-01"":41.803792119026184,""balanced-02"":42.69041586667299,""balanced-03"":41.50716681033373,""balanced-04"":43.75612549483776,""balanced-05"":45.10933253914118}","{""graph_first_hash"":6}",0,"{""known"":36,""not_attempted_or_missing_action_count"":0,""status"":""complete"",""total"":36,""unknown_action_count"":0}","{""known"":24,""not_attempted_or_missing_action_count"":0,""status"":""complete"",""total"":24,""unknown_action_count"":0}","{""known"":683064,""not_attempted_or_missing_action_count"":0,""status"":""complete"",""total"":683064,""unknown_action_count"":0}","{""known"":455202,""not_attempted_or_missing_action_count"":0,""status"":""complete"",""total"":455202,""unknown_action_count"":0}","{""known"":283.12758542597294,""not_attempted_or_missing_action_count"":0,""status"":""complete"",""total"":283.12758542597294,""unknown_action_count"":0}","{""known"":218.2514164596796,""not_attempted_or_missing_action_count"":0,""status"":""complete"",""total"":218.2514164596796,""unknown_action_count"":0}","{""known"":297.87520598620176,""not_attempted_or_missing_action_count"":0,""status"":""complete"",""total"":297.87520598620176,""unknown_action_count"":0}","{""known"":228.0901651829481,""not_attempted_or_missing_action_count"":0,""status"":""complete"",""total"":228.0901651829481,""unknown_action_count"":0}",37.623826414346695,37.623826414346695,0,2.2921664640307426,2.2921664640307426,0,1483994,1483994,0,13423,13423,0
m15-fb-confirmatory-48-f1-09,f1_direct_transfer_control,crossfit_seen_family,False,fixed_hash,6,6,6,"{""completed"":6}",13.596813194453716,"{""balanced-00"":13.6013338342309,""balanced-01"":14.361165463924408,""balanced-02"":12.974749319255352,""balanced-03"":13.103583827614784,""balanced-04"":13.806208968162537,""balanced-05"":13.592292554676533}",{},0,"{""known"":12,""not_attempted_or_missing_action_count"":0,""status"":""complete"",""total"":12,""unknown_action_count"":0}","{""known"":0,""not_attempted_or_missing_action_count"":0,""status"":""not_applicable"",""total"":0,""unknown_action_count"":0}","{""known"":228426,""not_attempted_or_missing_action_count"":0,""status"":""complete"",""total"":228426,""unknown_action_count"":0}","{""known"":0,""not_attempted_or_missing_action_count"":0,""status"":""not_applicable"",""total"":0,""unknown_action_count"":0}","{""known"":62.415167689323425,""not_attempted_or_missing_action_count"":0,""status"":""complete"",""total"":62.415167689323425,""unknown_action_count"":0}","{""known"":0,""not_attempted_or_missing_action_count"":0,""status"":""not_applicable"",""total"":0,""unknown_action_count"":0}","{""known"":68.29124968498945,""not_attempted_or_missing_action_count"":0,""status"":""complete"",""total"":68.29124968498945,""unknown_action_count"":0}","{""known"":0,""not_attempted_or_missing_action_count"":0,""status"":""not_applicable"",""total"":0,""unknown_action_count"":0}",12.699753977358341,12.699753977358341,0,2.203126437962055,2.203126437962055,0,482432,482432,0,5350,5350,0
m15-fb-confirmatory-48-f1-09,f1_direct_transfer_control,crossfit_seen_family,False,fixed_bind,6,6,6,"{""completed"":6}",15.962854027748108,"{""balanced-00"":17.859624698758125,""balanced-01"":16.276000067591667,""balanced-02"":15.41233342140913,""balanced-03"":17.35391654074192,""balanced-04"":15.649707987904549,""balanced-05"":14.456457458436489}",{},0,"{""known"":12,""not_attempted_or_missing_action_count"":0,""status"":""complete"",""total"":12,""unknown_action_count"":0}","{""known"":0,""not_attempted_or_missing_action_count"":0,""status"":""not_applicable"",""total"":0,""unknown_action_count"":0}","{""known"":227340,""not_attempted_or_missing_action_count"":0,""status"":""complete"",""total"":227340,""unknown_action_count"":0}","{""known"":0,""not_attempted_or_missing_action_count"":0,""status"":""not_applicable"",""total"":0,""unknown_action_count"":0}","{""known"":78.53604108095169,""not_attempted_or_missing_action_count"":0,""status"":""complete"",""total"":78.53604108095169,""unknown_action_count"":0}","{""known"":0,""not_attempted_or_missing_action_count"":0,""status"":""not_applicable"",""total"":0,""unknown_action_count"":0}","{""known"":83.71679205447435,""not_attempted_or_missing_action_count"":0,""status"":""complete"",""total"":83.71679205447435,""unknown_action_count"":0}","{""known"":0,""not_attempted_or_missing_action_count"":0,""status"":""not_applicable"",""total"":0,""unknown_action_count"":0}",12.786373496055603,12.786373496055603,0,2.3074159398674965,2.3074159398674965,0,479120,479120,0,5374,5374,0
m15-fb-confirmatory-48-f1-09,f1_direct_transfer_control,crossfit_seen_family,False,paid_selection,6,6,6,"{""completed"":6}",44.21206237748265,"{""balanced-00"":45.41216604411602,""balanced-01"":42.706540785729885,""balanced-02"":43.011958710849285,""balanced-03"":45.83133291453123,""balanced-04"":57.54754226654768,""balanced-05"":39.313625544309616}","{""graph_first_hash"":6}",0,"{""known"":36,""not_attempted_or_missing_action_count"":0,""status"":""complete"",""total"":36,""unknown_action_count"":0}","{""known"":24,""not_attempted_or_missing_action_count"":0,""status"":""complete"",""total"":24,""unknown_action_count"":0}","{""known"":684192,""not_attempted_or_missing_action_count"":0,""status"":""complete"",""total"":684192,""unknown_action_count"":0}","{""known"":455766,""not_attempted_or_missing_action_count"":0,""status"":""complete"",""total"":455766,""unknown_action_count"":0}","{""known"":219.91949807852507,""not_attempted_or_missing_action_count"":0,""status"":""complete"",""total"":219.91949807852507,""unknown_action_count"":0}","{""known"":155.6551642715931,""not_attempted_or_missing_action_count"":0,""status"":""complete"",""total"":155.6551642715931,""unknown_action_count"":0}","{""known"":235.00433191657066,""not_attempted_or_missing_action_count"":0,""status"":""complete"",""total"":235.00433191657066,""unknown_action_count"":0}","{""known"":165.72233010083437,""not_attempted_or_missing_action_count"":0,""status"":""complete"",""total"":165.72233010083437,""unknown_action_count"":0}",37.55549713969231,37.55549713969231,0,2.488001249730587,2.488001249730587,0,1486307,1486307,0,13425,13425,0
m15-fb-confirmatory-48-f1-10,f1_direct_transfer_control,crossfit_seen_family,False,fixed_hash,6,6,6,"{""completed"":6}",13.380833435803652,"{""balanced-00"":14.120416715741158,""balanced-01"":13.306375592947006,""balanced-02"":14.20775055885315,""balanced-03"":12.007041834294796,""balanced-04"":13.455291278660297,""balanced-05"":12.067625299096107}",{},0,"{""known"":12,""not_attempted_or_missing_action_count"":0,""status"":""complete"",""total"":12,""unknown_action_count"":0}","{""known"":0,""not_attempted_or_missing_action_count"":0,""status"":""not_applicable"",""total"":0,""unknown_action_count"":0}","{""known"":227880,""not_attempted_or_missing_action_count"":0,""status"":""complete"",""total"":227880,""unknown_action_count"":0}","{""known"":0,""not_attempted_or_missing_action_count"":0,""status"":""not_applicable"",""total"":0,""unknown_action_count"":0}","{""known"":61.69753987342119,""not_attempted_or_missing_action_count"":0,""status"":""complete"",""total"":61.69753987342119,""unknown_action_count"":0}","{""known"":0,""not_attempted_or_missing_action_count"":0,""status"":""not_applicable"",""total"":0,""unknown_action_count"":0}","{""known"":66.7016226798296,""not_attempted_or_missing_action_count"":0,""status"":""complete"",""total"":66.7016226798296,""unknown_action_count"":0}","{""known"":0,""not_attempted_or_missing_action_count"":0,""status"":""not_applicable"",""total"":0,""unknown_action_count"":0}",12.09199894219637,12.09199894219637,0,2.2606244310736656,2.2606244310736656,0,481319,481319,0,5350,5350,0
m15-fb-confirmatory-48-f1-10,f1_direct_transfer_control,crossfit_seen_family,False,fixed_bind,6,6,6,"{""completed"":6}",16.09266735613346,"{""balanced-00"":19.079250283539295,""balanced-01"":16.47175010293722,""balanced-02"":16.68304018676281,""balanced-03"":15.366041101515293,""balanced-04"":15.7135846093297,""balanced-05"":15.255583450198174}",{},0,"{""known"":12,""not_attempted_or_missing_action_count"":0,""status"":""complete"",""total"":12,""unknown_action_count"":0}","{""known"":0,""not_attempted_or_missing_action_count"":0,""status"":""not_applicable"",""total"":0,""unknown_action_count"":0}","{""known"":227340,""not_attempted_or_missing_action_count"":0,""status"":""complete"",""total"":227340,""unknown_action_count"":0}","{""known"":0,""not_attempted_or_missing_action_count"":0,""status"":""not_applicable"",""total"":0,""unknown_action_count"":0}","{""known"":81.27099927514791,""not_attempted_or_missing_action_count"":0,""status"":""complete"",""total"":81.27099927514791,""unknown_action_count"":0}","{""known"":0,""not_attempted_or_missing_action_count"":0,""status"":""not_applicable"",""total"":0,""unknown_action_count"":0}","{""known"":86.07987407594919,""not_attempted_or_missing_action_count"":0,""status"":""complete"",""total"":86.07987407594919,""unknown_action_count"":0}","{""known"":0,""not_attempted_or_missing_action_count"":0,""status"":""not_applicable"",""total"":0,""unknown_action_count"":0}",12.089207768440247,12.089207768440247,0,2.1906662732362747,2.1906662732362747,0,479121,479121,0,5371,5371,0
m15-fb-confirmatory-48-f1-10,f1_direct_transfer_control,crossfit_seen_family,False,paid_selection,6,6,6,"{""completed"":6}",43.36689552292228,"{""balanced-00"":46.86237499117851,""balanced-01"":44.439999386668205,""balanced-02"":53.15720848739147,""balanced-03"":39.705208502709866,""balanced-04"":42.29379165917635,""balanced-05"":41.5973337367177}","{""control_first_bind"":1,""graph_first_hash"":5}",0,"{""known"":36,""not_attempted_or_missing_action_count"":0,""status"":""complete"",""total"":36,""unknown_action_count"":0}","{""known"":24,""not_attempted_or_missing_action_count"":0,""status"":""complete"",""total"":24,""unknown_action_count"":0}","{""known"":683010,""not_attempted_or_missing_action_count"":0,""status"":""complete"",""total"":683010,""unknown_action_count"":0}","{""known"":455220,""not_attempted_or_missing_action_count"":0,""status"":""complete"",""total"":455220,""unknown_action_count"":0}","{""known"":214.03516922146082,""not_attempted_or_missing_action_count"":0,""status"":""complete"",""total"":214.03516922146082,""unknown_action_count"":0}","{""known"":146.74233458936214,""not_attempted_or_missing_action_count"":0,""status"":""complete"",""total"":146.74233458936214,""unknown_action_count"":0}","{""known"":229.6795006841421,""not_attempted_or_missing_action_count"":0,""status"":""complete"",""total"":229.6795006841421,""unknown_action_count"":0}","{""known"":157.0802517235279,""not_attempted_or_missing_action_count"":0,""status"":""complete"",""total"":157.0802517235279,""unknown_action_count"":0}",37.21666894853115,37.21666894853115,0,2.3586228489875793,2.3586228489875793,0,1483700,1483700,0,13426,13426,0
m15-fb-confirmatory-48-f1-11,f1_direct_transfer_control,crossfit_seen_family,False,fixed_hash,6,6,6,"{""completed"":6}",13.388041872531176,"{""balanced-00"":14.074082486331463,""balanced-01"":12.600665912032127,""balanced-02"":14.016667380928993,""balanced-03"":13.770666904747486,""balanced-04"":13.005416840314865,""balanced-05"":12.002374976873398}",{},0,"{""known"":12,""not_attempted_or_missing_action_count"":0,""status"":""complete"",""total"":12,""unknown_action_count"":0}","{""known"":0,""not_attempted_or_missing_action_count"":0,""status"":""not_applicable"",""total"":0,""unknown_action_count"":0}","{""known"":228420,""not_attempted_or_missing_action_count"":0,""status"":""complete"",""total"":228420,""unknown_action_count"":0}","{""known"":0,""not_attempted_or_missing_action_count"":0,""status"":""not_applicable"",""total"":0,""unknown_action_count"":0}","{""known"":62.059247866272926,""not_attempted_or_missing_action_count"":0,""status"":""complete"",""total"":62.059247866272926,""unknown_action_count"":0}","{""known"":0,""not_attempted_or_missing_action_count"":0,""status"":""not_applicable"",""total"":0,""unknown_action_count"":0}","{""known"":66.7172921821475,""not_attempted_or_missing_action_count"":0,""status"":""complete"",""total"":66.7172921821475,""unknown_action_count"":0}","{""known"":0,""not_attempted_or_missing_action_count"":0,""status"":""not_applicable"",""total"":0,""unknown_action_count"":0}",12.385167181491852,12.385167181491852,0,2.1387506276369095,2.1387506276369095,0,482416,482416,0,5351,5351,0
m15-fb-confirmatory-48-f1-11,f1_direct_transfer_control,crossfit_seen_family,False,fixed_bind,6,6,6,"{""completed"":6}",16.75077062100172,"{""balanced-00"":35.818541422486305,""balanced-01"":14.451875351369381,""balanced-02"":18.24208442121744,""balanced-03"":14.915458858013153,""balanced-04"":16.78654085844755,""balanced-05"":16.71500038355589}",{},0,"{""known"":12,""not_attempted_or_missing_action_count"":0,""status"":""complete"",""total"":12,""unknown_action_count"":0}","{""known"":0,""not_attempted_or_missing_action_count"":0,""status"":""not_applicable"",""total"":0,""unknown_action_count"":0}","{""known"":227340,""not_attempted_or_missing_action_count"":0,""status"":""complete"",""total"":227340,""unknown_action_count"":0}","{""known"":0,""not_attempted_or_missing_action_count"":0,""status"":""not_applicable"",""total"":0,""unknown_action_count"":0}","{""known"":94.2738326266408,""not_attempted_or_missing_action_count"":0,""status"":""complete"",""total"":94.2738326266408,""unknown_action_count"":0}","{""known"":0,""not_attempted_or_missing_action_count"":0,""status"":""not_applicable"",""total"":0,""unknown_action_count"":0}","{""known"":99.34462606906891,""not_attempted_or_missing_action_count"":0,""status"":""complete"",""total"":99.34462606906891,""unknown_action_count"":0}","{""known"":0,""not_attempted_or_missing_action_count"":0,""status"":""not_applicable"",""total"":0,""unknown_action_count"":0}",17.147251404821873,17.147251404821873,0,2.3047905415296555,2.3047905415296555,0,479126,479126,0,5372,5372,0
m15-fb-confirmatory-48-f1-11,f1_direct_transfer_control,crossfit_seen_family,False,paid_selection,6,6,6,"{""completed"":6}",42.02504130080342,"{""balanced-00"":44.65241730213165,""balanced-01"":42.624957859516144,""balanced-02"":41.39370936900377,""balanced-03"":41.4251247420907,""balanced-04"":46.04595806449652,""balanced-05"":39.63066730648279}","{""graph_first_hash"":6}",0,"{""known"":36,""not_attempted_or_missing_action_count"":0,""status"":""complete"",""total"":36,""unknown_action_count"":0}","{""known"":24,""not_attempted_or_missing_action_count"":0,""status"":""complete"",""total"":24,""unknown_action_count"":0}","{""known"":684180,""not_attempted_or_missing_action_count"":0,""status"":""complete"",""total"":684180,""unknown_action_count"":0}","{""known"":455760,""not_attempted_or_missing_action_count"":0,""status"":""complete"",""total"":455760,""unknown_action_count"":0}","{""known"":199.5567074045539,""not_attempted_or_missing_action_count"":0,""status"":""complete"",""total"":199.5567074045539,""unknown_action_count"":0}","{""known"":137.34899926930666,""not_attempted_or_missing_action_count"":0,""status"":""complete"",""total"":137.34899926930666,""unknown_action_count"":0}","{""known"":213.97904306650162,""not_attempted_or_missing_action_count"":0,""status"":""complete"",""total"":213.97904306650162,""unknown_action_count"":0}","{""known"":146.97175100445747,""not_attempted_or_missing_action_count"":0,""status"":""complete"",""total"":146.97175100445747,""unknown_action_count"":0}",40.48812389373779,40.48812389373779,0,2.204790711402893,2.204790711402893,0,1486288,1486288,0,13421,13421,0
m15-fb-confirmatory-48-f1-12,f1_direct_transfer_control,crossfit_seen_family,False,fixed_hash,6,6,6,"{""completed"":6}",13.555624522268772,"{""balanced-00"":13.584082946181297,""balanced-01"":16.3821242749691,""balanced-02"":13.25270812958479,""balanced-03"":13.81758414208889,""balanced-04"":13.527166098356247,""balanced-05"":12.367375195026398}",{},0,"{""known"":12,""not_attempted_or_missing_action_count"":0,""status"":""complete"",""total"":12,""unknown_action_count"":0}","{""known"":0,""not_attempted_or_missing_action_count"":0,""status"":""not_applicable"",""total"":0,""unknown_action_count"":0}","{""known"":227880,""not_attempted_or_missing_action_count"":0,""status"":""complete"",""total"":227880,""unknown_action_count"":0}","{""known"":0,""not_attempted_or_missing_action_count"":0,""status"":""not_applicable"",""total"":0,""unknown_action_count"":0}","{""known"":64.60262555629015,""not_attempted_or_missing_action_count"":0,""status"":""complete"",""total"":64.60262555629015,""unknown_action_count"":0}","{""known"":0,""not_attempted_or_missing_action_count"":0,""status"":""not_applicable"",""total"":0,""unknown_action_count"":0}","{""known"":69.51883621513844,""not_attempted_or_missing_action_count"":0,""status"":""complete"",""total"":69.51883621513844,""unknown_action_count"":0}","{""known"":0,""not_attempted_or_missing_action_count"":0,""status"":""not_applicable"",""total"":0,""unknown_action_count"":0}",12.973294593393803,12.973294593393803,0,2.4378346279263496,2.4378346279263496,0,481323,481323,0,5348,5348,0
m15-fb-confirmatory-48-f1-12,f1_direct_transfer_control,crossfit_seen_family,False,fixed_bind,6,6,6,"{""completed"":6}",17.304311972111464,"{""balanced-00"":17.54570845514536,""balanced-01"":17.878499813377857,""balanced-02"":16.47887472063303,""balanced-03"":18.917249515652657,""balanced-04"":17.062915489077568,""balanced-05"":14.652792364358902}",{},0,"{""known"":12,""not_attempted_or_missing_action_count"":0,""status"":""complete"",""total"":12,""unknown_action_count"":0}","{""known"":0,""not_attempted_or_missing_action_count"":0,""status"":""not_applicable"",""total"":0,""unknown_action_count"":0}","{""known"":227340,""not_attempted_or_missing_action_count"":0,""status"":""complete"",""total"":227340,""unknown_action_count"":0}","{""known"":0,""not_attempted_or_missing_action_count"":0,""status"":""not_applicable"",""total"":0,""unknown_action_count"":0}","{""known"":84.3141246587038,""not_attempted_or_missing_action_count"":0,""status"":""complete"",""total"":84.3141246587038,""unknown_action_count"":0}","{""known"":0,""not_attempted_or_missing_action_count"":0,""status"":""not_applicable"",""total"":0,""unknown_action_count"":0}","{""known"":89.40554223954678,""not_attempted_or_missing_action_count"":0,""status"":""complete"",""total"":89.40554223954678,""unknown_action_count"":0}","{""known"":0,""not_attempted_or_missing_action_count"":0,""status"":""not_applicable"",""total"":0,""unknown_action_count"":0}",12.652955949306488,12.652955949306488,0,2.217039465904236,2.217039465904236,0,479122,479122,0,5374,5374,0
m15-fb-confirmatory-48-f1-12,f1_direct_transfer_control,crossfit_seen_family,False,paid_selection,6,6,6,"{""completed"":6}",46.53514642268419,"{""balanced-00"":47.32708353549242,""balanced-01"":43.4299586340785,""balanced-02"":45.743209309875965,""balanced-03"":48.22566732764244,""balanced-04"":71.13116700202227,""balanced-05"":41.547457687556744}","{""control_first_bind"":1,""graph_first_hash"":5}",0,"{""known"":36,""not_attempted_or_missing_action_count"":0,""status"":""complete"",""total"":36,""unknown_action_count"":0}","{""known"":24,""not_attempted_or_missing_action_count"":0,""status"":""complete"",""total"":24,""unknown_action_count"":0}","{""known"":683010,""not_attempted_or_missing_action_count"":0,""status"":""complete"",""total"":683010,""unknown_action_count"":0}","{""known"":455220,""not_attempted_or_missing_action_count"":0,""status"":""complete"",""total"":455220,""unknown_action_count"":0}","{""known"":241.86408054083586,""not_attempted_or_missing_action_count"":0,""status"":""complete"",""total"":241.86408054083586,""unknown_action_count"":0}","{""known"":168.24408061802387,""not_attempted_or_missing_action_count"":0,""status"":""complete"",""total"":168.24408061802387,""unknown_action_count"":0}","{""known"":257.11646024137735,""not_attempted_or_missing_action_count"":0,""status"":""complete"",""total"":257.11646024137735,""unknown_action_count"":0}","{""known"":178.27966902405024,""not_attempted_or_missing_action_count"":0,""status"":""complete"",""total"":178.27966902405024,""unknown_action_count"":0}",38.92400115728378,38.92400115728378,0,2.708456479012966,2.708456479012966,0,1483729,1483729,0,13427,13427,0
m15-fb-confirmatory-48-f1-13,f1_direct_transfer_control,crossfit_seen_family,False,fixed_hash,6,6,6,"{""completed"":6}",13.15183425322175,"{""balanced-00"":17.350291833281517,""balanced-01"":13.069959357380867,""balanced-02"":13.233709149062634,""balanced-03"":12.400416657328606,""balanced-04"":12.113625183701515,""balanced-05"":13.689499348402023}",{},0,"{""known"":12,""not_attempted_or_missing_action_count"":0,""status"":""complete"",""total"":12,""unknown_action_count"":0}","{""known"":0,""not_attempted_or_missing_action_count"":0,""status"":""not_applicable"",""total"":0,""unknown_action_count"":0}","{""known"":228972,""not_attempted_or_missing_action_count"":0,""status"":""complete"",""total"":228972,""unknown_action_count"":0}","{""known"":0,""not_attempted_or_missing_action_count"":0,""status"":""not_applicable"",""total"":0,""unknown_action_count"":0}","{""known"":61.95916794240475,""not_attempted_or_missing_action_count"":0,""status"":""complete"",""total"":61.95916794240475,""unknown_action_count"":0}","{""known"":0,""not_attempted_or_missing_action_count"":0,""status"":""not_applicable"",""total"":0,""unknown_action_count"":0}","{""known"":66.76308438181877,""not_attempted_or_missing_action_count"":0,""status"":""complete"",""total"":66.76308438181877,""unknown_action_count"":0}","{""known"":0,""not_attempted_or_missing_action_count"":0,""status"":""not_applicable"",""total"":0,""unknown_action_count"":0}",14.66862391680479,14.66862391680479,0,2.311166375875473,2.311166375875473,0,483521,483521,0,5350,5350,0
m15-fb-confirmatory-48-f1-13,f1_direct_transfer_control,crossfit_seen_family,False,fixed_bind,6,6,6,"{""completed"":6}",16.540624666959047,"{""balanced-00"":21.40699978917837,""balanced-01"":16.013916581869125,""balanced-02"":17.06733275204897,""balanced-03"":17.75041688233614,""balanced-04"":14.637291431427002,""balanced-05"":15.871625393629074}",{},0,"{""known"":12,""not_attempted_or_missing_action_count"":0,""status"":""complete"",""total"":12,""unknown_action_count"":0}","{""known"":0,""not_attempted_or_missing_action_count"":0,""status"":""not_applicable"",""total"":0,""unknown_action_count"":0}","{""known"":227340,""not_attempted_or_missing_action_count"":0,""status"":""complete"",""total"":227340,""unknown_action_count"":0}","{""known"":0,""not_attempted_or_missing_action_count"":0,""status"":""not_applicable"",""total"":0,""unknown_action_count"":0}","{""known"":84.75704118609428,""not_attempted_or_missing_action_count"":0,""status"":""complete"",""total"":84.75704118609428,""unknown_action_count"":0}","{""known"":0,""not_attempted_or_missing_action_count"":0,""status"":""not_applicable"",""total"":0,""unknown_action_count"":0}","{""known"":89.70029186457396,""not_attempted_or_missing_action_count"":0,""status"":""complete"",""total"":89.70029186457396,""unknown_action_count"":0}","{""known"":0,""not_attempted_or_missing_action_count"":0,""status"":""not_applicable"",""total"":0,""unknown_action_count"":0}",12.51316536217928,12.51316536217928,0,2.2977087646722794,2.2977087646722794,0,479130,479130,0,5372,5372,0
m15-fb-confirmatory-48-f1-13,f1_direct_transfer_control,crossfit_seen_family,False,paid_selection,6,6,6,"{""completed"":6}",46.076999977231026,"{""balanced-00"":52.04341560602188,""balanced-01"":42.251791805028915,""balanced-02"":40.80179147422314,""balanced-03"":40.45091662555933,""balanced-04"":49.902208149433136,""balanced-05"":76.04416646063328}","{""control_first_bind"":1,""graph_first_hash"":5}",0,"{""known"":36,""not_attempted_or_missing_action_count"":0,""status"":""complete"",""total"":36,""unknown_action_count"":0}","{""known"":24,""not_attempted_or_missing_action_count"":0,""status"":""complete"",""total"":24,""unknown_action_count"":0}","{""known"":685012,""not_attempted_or_missing_action_count"":0,""status"":""complete"",""total"":685012,""unknown_action_count"":0}","{""known"":456312,""not_attempted_or_missing_action_count"":0,""status"":""complete"",""total"":456312,""unknown_action_count"":0}","{""known"":247.63499945402145,""not_attempted_or_missing_action_count"":0,""status"":""complete"",""total"":247.63499945402145,""unknown_action_count"":0}","{""known"":182.841956615448,""not_attempted_or_missing_action_count"":0,""status"":""complete"",""total"":182.841956615448,""unknown_action_count"":0}","{""known"":262.5628737732768,""not_attempted_or_missing_action_count"":0,""status"":""complete"",""total"":262.5628737732768,""unknown_action_count"":0}","{""known"":192.92487390339375,""not_attempted_or_missing_action_count"":0,""status"":""complete"",""total"":192.92487390339375,""unknown_action_count"":0}",37.728454917669296,37.728454917669296,0,2.3677917197346687,2.3677917197346687,0,1487737,1487737,0,13426,13426,0
m15-fb-confirmatory-48-f1-14,f1_direct_transfer_control,crossfit_seen_family,False,fixed_hash,6,6,6,"{""completed"":6}",13.595624826848507,"{""balanced-00"":15.449709258973598,""balanced-01"":13.509292155504227,""balanced-02"":13.396957889199257,""balanced-03"":13.681957498192787,""balanced-04"":12.530874460935593,""balanced-05"":21.85362484306097}",{},0,"{""known"":12,""not_attempted_or_missing_action_count"":0,""status"":""complete"",""total"":12,""unknown_action_count"":0}","{""known"":0,""not_attempted_or_missing_action_count"":0,""status"":""not_applicable"",""total"":0,""unknown_action_count"":0}","{""known"":228918,""not_attempted_or_missing_action_count"":0,""status"":""complete"",""total"":228918,""unknown_action_count"":0}","{""known"":0,""not_attempted_or_missing_action_count"":0,""status"":""not_applicable"",""total"":0,""unknown_action_count"":0}","{""known"":72.04079255461693,""not_attempted_or_missing_action_count"":0,""status"":""complete"",""total"":72.04079255461693,""unknown_action_count"":0}","{""known"":0,""not_attempted_or_missing_action_count"":0,""status"":""not_applicable"",""total"":0,""unknown_action_count"":0}","{""known"":77.0965414121747,""not_attempted_or_missing_action_count"":0,""status"":""complete"",""total"":77.0965414121747,""unknown_action_count"":0}","{""known"":0,""not_attempted_or_missing_action_count"":0,""status"":""not_applicable"",""total"":0,""unknown_action_count"":0}",12.88033090531826,12.88033090531826,0,2.2844579070806503,2.2844579070806503,0,483411,483411,0,5350,5350,0
m15-fb-confirmatory-48-f1-14,f1_direct_transfer_control,crossfit_seen_family,False,fixed_bind,6,6,6,"{""completed"":6}",15.852124895900488,"{""balanced-00"":18.069875426590443,""balanced-01"":15.838457271456718,""balanced-02"":17.118959687650204,""balanced-03"":15.865792520344257,""balanced-04"":14.496667310595512,""balanced-05"":15.820958651602268}",{},0,"{""known"":12,""not_attempted_or_missing_action_count"":0,""status"":""complete"",""total"":12,""unknown_action_count"":0}","{""known"":0,""not_attempted_or_missing_action_count"":0,""status"":""not_applicable"",""total"":0,""unknown_action_count"":0}","{""known"":227340,""not_attempted_or_missing_action_count"":0,""status"":""complete"",""total"":227340,""unknown_action_count"":0}","{""known"":0,""not_attempted_or_missing_action_count"":0,""status"":""not_applicable"",""total"":0,""unknown_action_count"":0}","{""known"":79.47645988315344,""not_attempted_or_missing_action_count"":0,""status"":""complete"",""total"":79.47645988315344,""unknown_action_count"":0}","{""known"":0,""not_attempted_or_missing_action_count"":0,""status"":""not_applicable"",""total"":0,""unknown_action_count"":0}","{""known"":84.60325188934803,""not_attempted_or_missing_action_count"":0,""status"":""complete"",""total"":84.60325188934803,""unknown_action_count"":0}","{""known"":0,""not_attempted_or_missing_action_count"":0,""status"":""not_applicable"",""total"":0,""unknown_action_count"":0}",12.180582620203495,12.180582620203495,0,2.1844180300831795,2.1844180300831795,0,479122,479122,0,5375,5375,0
m15-fb-confirmatory-48-f1-14,f1_direct_transfer_control,crossfit_seen_family,False,paid_selection,6,6,6,"{""completed"":6}",43.665749952197075,"{""balanced-00"":47.259166836738586,""balanced-01"":45.93841638416052,""balanced-02"":43.66249963641167,""balanced-03"":43.66900026798248,""balanced-04"":39.05037511140108,""balanced-05"":39.01208285242319}","{""graph_first_hash"":6}",0,"{""known"":36,""not_attempted_or_missing_action_count"":0,""status"":""complete"",""total"":36,""unknown_action_count"":0}","{""known"":24,""not_attempted_or_missing_action_count"":0,""status"":""complete"",""total"":24,""unknown_action_count"":0}","{""known"":685176,""not_attempted_or_missing_action_count"":0,""status"":""complete"",""total"":685176,""unknown_action_count"":0}","{""known"":456258,""not_attempted_or_missing_action_count"":0,""status"":""complete"",""total"":456258,""unknown_action_count"":0}","{""known"":206.02708123624325,""not_attempted_or_missing_action_count"":0,""status"":""complete"",""total"":206.02708123624325,""unknown_action_count"":0}","{""known"":140.29212202876806,""not_attempted_or_missing_action_count"":0,""status"":""complete"",""total"":140.29212202876806,""unknown_action_count"":0}","{""known"":220.56970186531544,""not_attempted_or_missing_action_count"":0,""status"":""complete"",""total"":220.56970186531544,""unknown_action_count"":0}","{""known"":149.98574554920197,""not_attempted_or_missing_action_count"":0,""status"":""complete"",""total"":149.98574554920197,""unknown_action_count"":0}",36.825209856033325,36.825209856033325,0,2.4048341438174248,2.4048341438174248,0,1488279,1488279,0,13422,13422,0
m15-fb-confirmatory-48-f1-15,f1_direct_transfer_control,crossfit_seen_family,False,fixed_hash,6,6,6,"{""completed"":6}",13.186354655772448,"{""balanced-00"":72.0343329012394,""balanced-01"":34.67875067144632,""balanced-02"":12.823750264942646,""balanced-03"":13.54895904660225,""balanced-04"":12.404999695718288,""balanced-05"":12.449917383491993}",{},0,"{""known"":12,""not_attempted_or_missing_action_count"":0,""status"":""complete"",""total"":12,""unknown_action_count"":0}","{""known"":0,""not_attempted_or_missing_action_count"":0,""status"":""not_applicable"",""total"":0,""unknown_action_count"":0}","{""known"":228972,""not_attempted_or_missing_action_count"":0,""status"":""complete"",""total"":228972,""unknown_action_count"":0}","{""known"":0,""not_attempted_or_missing_action_count"":0,""status"":""not_applicable"",""total"":0,""unknown_action_count"":0}","{""known"":137.05804012715816,""not_attempted_or_missing_action_count"":0,""status"":""complete"",""total"":137.05804012715816,""unknown_action_count"":0}","{""known"":0,""not_attempted_or_missing_action_count"":0,""status"":""not_applicable"",""total"":0,""unknown_action_count"":0}","{""known"":142.03641656786203,""not_attempted_or_missing_action_count"":0,""status"":""complete"",""total"":142.03641656786203,""unknown_action_count"":0}","{""known"":0,""not_attempted_or_missing_action_count"":0,""status"":""not_applicable"",""total"":0,""unknown_action_count"":0}",15.316459350287914,15.316459350287914,0,2.299666404724121,2.299666404724121,0,483503,483503,0,5346,5346,0
m15-fb-confirmatory-48-f1-15,f1_direct_transfer_control,crossfit_seen_family,False,fixed_bind,6,6,6,"{""completed"":6}",16.62397850304842,"{""balanced-00"":109.9650003015995,""balanced-01"":18.95749941468239,""balanced-02"":16.80416613817215,""balanced-03"":15.636375173926353,""balanced-04"":14.616291038691998,""balanced-05"":16.44379086792469}",{},0,"{""known"":12,""not_attempted_or_missing_action_count"":0,""status"":""complete"",""total"":12,""unknown_action_count"":0}","{""known"":0,""not_attempted_or_missing_action_count"":0,""status"":""not_applicable"",""total"":0,""unknown_action_count"":0}","{""known"":227340,""not_attempted_or_missing_action_count"":0,""status"":""complete"",""total"":227340,""unknown_action_count"":0}","{""known"":0,""not_attempted_or_missing_action_count"":0,""status"":""not_applicable"",""total"":0,""unknown_action_count"":0}","{""known"":174.07958395779133,""not_attempted_or_missing_action_count"":0,""status"":""complete"",""total"":174.07958395779133,""unknown_action_count"":0}","{""known"":0,""not_attempted_or_missing_action_count"":0,""status"":""not_applicable"",""total"":0,""unknown_action_count"":0}","{""known"":179.1354175657034,""not_attempted_or_missing_action_count"":0,""status"":""complete"",""total"":179.1354175657034,""unknown_action_count"":0}","{""known"":0,""not_attempted_or_missing_action_count"":0,""status"":""not_applicable"",""total"":0,""unknown_action_count"":0}",12.836665846407413,12.836665846407413,0,2.289791591465473,2.289791591465473,0,479123,479123,0,5370,5370,0
m15-fb-confirmatory-48-f1-15,f1_direct_transfer_control,crossfit_seen_family,False,paid_selection,6,6,6,"{""completed"":6}",41.69068718329072,"{""balanced-00"":81.05583302676678,""balanced-01"":46.83650005608797,""balanced-02"":43.4042913839221,""balanced-03"":39.89099990576506,""balanced-04"":39.37504254281521,""balanced-05"":39.97708298265934}","{""control_first_bind"":1,""graph_first_hash"":5}",0,"{""known"":36,""not_attempted_or_missing_action_count"":0,""status"":""complete"",""total"":36,""unknown_action_count"":0}","{""known"":24,""not_attempted_or_missing_action_count"":0,""status"":""complete"",""total"":24,""unknown_action_count"":0}","{""known"":685012,""not_attempted_or_missing_action_count"":0,""status"":""complete"",""total"":685012,""unknown_action_count"":0}","{""known"":456312,""not_attempted_or_missing_action_count"":0,""status"":""complete"",""total"":456312,""unknown_action_count"":0}","{""known"":235.30704155564308,""not_attempted_or_missing_action_count"":0,""status"":""complete"",""total"":235.30704155564308,""unknown_action_count"":0}","{""known"":161.3590009510517,""not_attempted_or_missing_action_count"":0,""status"":""complete"",""total"":161.3590009510517,""unknown_action_count"":0}","{""known"":250.67191664129496,""not_attempted_or_missing_action_count"":0,""status"":""complete"",""total"":250.67191664129496,""unknown_action_count"":0}","{""known"":171.8236245214939,""not_attempted_or_missing_action_count"":0,""status"":""complete"",""total"":171.8236245214939,""unknown_action_count"":0}",38.59483078122139,38.59483078122139,0,3.411749377846718,3.411749377846718,0,1487743,1487743,0,13423,13423,0
m15-fb-confirmatory-48-f1-16,f1_direct_transfer_control,crossfit_seen_family,False,fixed_hash,6,6,6,"{""completed"":6}",13.53664556518197,"{""balanced-00"":13.69808241724968,""balanced-01"":13.580749742686749,""balanced-02"":14.43145889788866,""balanced-03"":12.809334322810173,""balanced-04"":13.492541387677193,""balanced-05"":12.872625142335892}",{},0,"{""known"":12,""not_attempted_or_missing_action_count"":0,""status"":""complete"",""total"":12,""unknown_action_count"":0}","{""known"":0,""not_attempted_or_missing_action_count"":0,""status"":""not_applicable"",""total"":0,""unknown_action_count"":0}","{""known"":228414,""not_attempted_or_missing_action_count"":0,""status"":""complete"",""total"":228414,""unknown_action_count"":0}","{""known"":0,""not_attempted_or_missing_action_count"":0,""status"":""not_applicable"",""total"":0,""unknown_action_count"":0}","{""known"":63.25266603380442,""not_attempted_or_missing_action_count"":0,""status"":""complete"",""total"":63.25266603380442,""unknown_action_count"":0}","{""known"":0,""not_attempted_or_missing_action_count"":0,""status"":""not_applicable"",""total"":0,""unknown_action_count"":0}","{""known"":68.12416762113571,""not_attempted_or_missing_action_count"":0,""status"":""complete"",""total"":68.12416762113571,""unknown_action_count"":0}","{""known"":0,""not_attempted_or_missing_action_count"":0,""status"":""not_applicable"",""total"":0,""unknown_action_count"":0}",12.332875281572342,12.332875281572342,0,2.2388724610209465,2.2388724610209465,0,482406,482406,0,5349,5349,0
m15-fb-confirmatory-48-f1-16,f1_direct_transfer_control,crossfit_seen_family,False,fixed_bind,6,6,6,"{""completed"":6}",16.617291141301394,"{""balanced-00"":19.32729221880436,""balanced-01"":16.38995762914419,""balanced-02"":17.9321663454175,""balanced-03"":16.35187491774559,""balanced-04"":14.814084395766258,""balanced-05"":16.844624653458595}",{},0,"{""known"":12,""not_attempted_or_missing_action_count"":0,""status"":""complete"",""total"":12,""unknown_action_count"":0}","{""known"":0,""not_attempted_or_missing_action_count"":0,""status"":""not_applicable"",""total"":0,""unknown_action_count"":0}","{""known"":227340,""not_attempted_or_missing_action_count"":0,""status"":""complete"",""total"":227340,""unknown_action_count"":0}","{""known"":0,""not_attempted_or_missing_action_count"":0,""status"":""not_applicable"",""total"":0,""unknown_action_count"":0}","{""known"":83.76099914312363,""not_attempted_or_missing_action_count"":0,""status"":""complete"",""total"":83.76099914312363,""unknown_action_count"":0}","{""known"":0,""not_attempted_or_missing_action_count"":0,""status"":""not_applicable"",""total"":0,""unknown_action_count"":0}","{""known"":89.00575246661901,""not_attempted_or_missing_action_count"":0,""status"":""complete"",""total"":89.00575246661901,""unknown_action_count"":0}","{""known"":0,""not_attempted_or_missing_action_count"":0,""status"":""not_applicable"",""total"":0,""unknown_action_count"":0}",12.220627628266811,12.220627628266811,0,2.257751300930977,2.257751300930977,0,479128,479128,0,5369,5369,0
m15-fb-confirmatory-48-f1-16,f1_direct_transfer_control,crossfit_seen_family,False,paid_selection,6,6,6,"{""completed"":6}",44.142333790659904,"{""balanced-00"":46.52629140764475,""balanced-01"":45.23170925676823,""balanced-02"":56.977625004947186,""balanced-03"":43.05295832455158,""balanced-04"":39.65266700834036,""balanced-05"":40.86370766162872}","{""graph_first_hash"":6}",0,"{""known"":36,""not_attempted_or_missing_action_count"":0,""status"":""complete"",""total"":36,""unknown_action_count"":0}","{""known"":24,""not_attempted_or_missing_action_count"":0,""status"":""complete"",""total"":24,""unknown_action_count"":0}","{""known"":684168,""not_attempted_or_missing_action_count"":0,""status"":""complete"",""total"":684168,""unknown_action_count"":0}","{""known"":455754,""not_attempted_or_missing_action_count"":0,""status"":""complete"",""total"":455754,""unknown_action_count"":0}","{""known"":216.1475010216236,""not_attempted_or_missing_action_count"":0,""status"":""complete"",""total"":216.1475010216236,""unknown_action_count"":0}","{""known"":146.19216602295637,""not_attempted_or_missing_action_count"":0,""status"":""complete"",""total"":146.19216602295637,""unknown_action_count"":0}","{""known"":230.76637275516987,""not_attempted_or_missing_action_count"":0,""status"":""complete"",""total"":230.76637275516987,""unknown_action_count"":0}","{""known"":156.01845737546682,""not_attempted_or_missing_action_count"":0,""status"":""complete"",""total"":156.01845737546682,""unknown_action_count"":0}",40.32379575073719,40.32379575073719,0,2.3067928850650787,2.3067928850650787,0,1486248,1486248,0,13421,13421,0
m15-fb-confirmatory-48-f2-01,f2_temporal_path_control,crossfit_seen_family,True,fixed_hash,6,6,6,"{""completed"":6}",10.067937429994345,"{""balanced-00"":10.533208027482033,""balanced-01"":10.095749981701374,""balanced-02"":10.040124878287315,""balanced-03"":24.70462489873171,""balanced-04"":9.631458669900894,""balanced-05"":9.900249540805817}",{},0,"{""known"":12,""not_attempted_or_missing_action_count"":0,""status"":""complete"",""total"":12,""unknown_action_count"":0}","{""known"":0,""not_attempted_or_missing_action_count"":0,""status"":""not_applicable"",""total"":0,""unknown_action_count"":0}","{""known"":150588,""not_attempted_or_missing_action_count"":0,""status"":""complete"",""total"":150588,""unknown_action_count"":0}","{""known"":0,""not_attempted_or_missing_action_count"":0,""status"":""not_applicable"",""total"":0,""unknown_action_count"":0}","{""known"":59.911541640758514,""not_attempted_or_missing_action_count"":0,""status"":""complete"",""total"":59.911541640758514,""unknown_action_count"":0}","{""known"":0,""not_attempted_or_missing_action_count"":0,""status"":""not_applicable"",""total"":0,""unknown_action_count"":0}","{""known"":63.23345750570297,""not_attempted_or_missing_action_count"":0,""status"":""complete"",""total"":63.23345750570297,""unknown_action_count"":0}","{""known"":0,""not_attempted_or_missing_action_count"":0,""status"":""not_applicable"",""total"":0,""unknown_action_count"":0}",11.277084238827229,11.277084238827229,0,2.335168421268463,2.335168421268463,0,329197,329197,0,5335,5335,0
m15-fb-confirmatory-48-f2-01,f2_temporal_path_control,crossfit_seen_family,True,fixed_bind,6,6,6,"{""completed"":6}",13.556708116084337,"{""balanced-00"":15.73962438851595,""balanced-01"":14.992833137512207,""balanced-02"":13.233708217740059,""balanced-03"":13.17391637712717,""balanced-04"":13.879708014428616,""balanced-05"":13.036541640758514}",{},0,"{""known"":12,""not_attempted_or_missing_action_count"":0,""status"":""complete"",""total"":12,""unknown_action_count"":0}","{""known"":0,""not_attempted_or_missing_action_count"":0,""status"":""not_applicable"",""total"":0,""unknown_action_count"":0}","{""known"":149568,""not_attempted_or_missing_action_count"":0,""status"":""complete"",""total"":149568,""unknown_action_count"":0}","{""known"":0,""not_attempted_or_missing_action_count"":0,""status"":""not_applicable"",""total"":0,""unknown_action_count"":0}","{""known"":68.99066548794508,""not_attempted_or_missing_action_count"":0,""status"":""complete"",""total"":68.99066548794508,""unknown_action_count"":0}","{""known"":0,""not_attempted_or_missing_action_count"":0,""status"":""not_applicable"",""total"":0,""unknown_action_count"":0}","{""known"":72.2942091524601,""not_attempted_or_missing_action_count"":0,""status"":""complete"",""total"":72.2942091524601,""unknown_action_count"":0}","{""known"":0,""not_attempted_or_missing_action_count"":0,""status"":""not_applicable"",""total"":0,""unknown_action_count"":0}",11.420034803450108,11.420034803450108,0,2.2310828790068626,2.2310828790068626,0,327803,327803,0,5445,5445,0
m15-fb-confirmatory-48-f2-01,f2_temporal_path_control,crossfit_seen_family,True,paid_selection,6,6,6,"{""completed"":6}",35.8436880633235,"{""balanced-00"":38.64170890301466,""balanced-01"":38.562459871172905,""balanced-02"":35.38129199296236,""balanced-03"":36.306084133684635,""balanced-04"":32.97783341258764,""balanced-05"":33.29566586762667}","{""path_first_hash"":6}",0,"{""known"":36,""not_attempted_or_missing_action_count"":0,""status"":""complete"",""total"":36,""unknown_action_count"":0}","{""known"":24,""not_attempted_or_missing_action_count"":0,""status"":""complete"",""total"":24,""unknown_action_count"":0}","{""known"":450744,""not_attempted_or_missing_action_count"":0,""status"":""complete"",""total"":450744,""unknown_action_count"":0}","{""known"":300156,""not_attempted_or_missing_action_count"":0,""status"":""complete"",""total"":300156,""unknown_action_count"":0}","{""known"":169.41070556640625,""not_attempted_or_missing_action_count"":0,""status"":""complete"",""total"":169.41070556640625,""unknown_action_count"":0}","{""known"":119.85929030925035,""not_attempted_or_missing_action_count"":0,""status"":""complete"",""total"":119.85929030925035,""unknown_action_count"":0}","{""known"":179.58808224648237,""not_attempted_or_missing_action_count"":0,""status"":""complete"",""total"":179.58808224648237,""unknown_action_count"":0}","{""known"":126.75808276981115,""not_attempted_or_missing_action_count"":0,""status"":""complete"",""total"":126.75808276981115,""unknown_action_count"":0}",34.62208155542612,34.62208155542612,0,2.396373078227043,2.396373078227043,0,1028857,1028857,0,13464,13464,0
m15-fb-confirmatory-48-f2-02,f2_temporal_path_control,crossfit_seen_family,False,fixed_hash,6,6,6,"{""completed"":6}",10.658583138138056,"{""balanced-00"":10.557999834418297,""balanced-01"":10.741791687905788,""balanced-02"":11.50704175233841,""balanced-03"":10.390040464699268,""balanced-04"":12.210874818265438,""balanced-05"":10.575374588370323}",{},0,"{""known"":12,""not_attempted_or_missing_action_count"":0,""status"":""complete"",""total"":12,""unknown_action_count"":0}","{""known"":0,""not_attempted_or_missing_action_count"":0,""status"":""not_applicable"",""total"":0,""unknown_action_count"":0}","{""known"":150582,""not_attempted_or_missing_action_count"":0,""status"":""complete"",""total"":150582,""unknown_action_count"":0}","{""known"":0,""not_attempted_or_missing_action_count"":0,""status"":""not_applicable"",""total"":0,""unknown_action_count"":0}","{""known"":49.76858291774988,""not_attempted_or_missing_action_count"":0,""status"":""complete"",""total"":49.76858291774988,""unknown_action_count"":0}","{""known"":0,""not_attempted_or_missing_action_count"":0,""status"":""not_applicable"",""total"":0,""unknown_action_count"":0}","{""known"":53.15187480300665,""not_attempted_or_missing_action_count"":0,""status"":""complete"",""total"":53.15187480300665,""unknown_action_count"":0}","{""known"":0,""not_attempted_or_missing_action_count"":0,""status"":""not_applicable"",""total"":0,""unknown_action_count"":0}",12.417789548635483,12.417789548635483,0,2.3120809346437454,2.3120809346437454,0,326629,326629,0,5339,5339,0
m15-fb-confirmatory-48-f2-02,f2_temporal_path_control,crossfit_seen_family,False,fixed_bind,6,6,6,"{""completed"":6}",13.484166469424963,"{""balanced-00"":14.168208464980125,""balanced-01"":13.490750454366207,""balanced-02"":12.66500074416399,""balanced-03"":16.44779182970524,""balanced-04"":13.477582484483719,""balanced-05"":11.716875247657299}",{},0,"{""known"":12,""not_attempted_or_missing_action_count"":0,""status"":""complete"",""total"":12,""unknown_action_count"":0}","{""known"":0,""not_attempted_or_missing_action_count"":0,""status"":""not_applicable"",""total"":0,""unknown_action_count"":0}","{""known"":149064,""not_attempted_or_missing_action_count"":0,""status"":""complete"",""total"":149064,""unknown_action_count"":0}","{""known"":0,""not_attempted_or_missing_action_count"":0,""status"":""not_applicable"",""total"":0,""unknown_action_count"":0}","{""known"":66.84770714491606,""not_attempted_or_missing_action_count"":0,""status"":""complete"",""total"":66.84770714491606,""unknown_action_count"":0}","{""known"":0,""not_attempted_or_missing_action_count"":0,""status"":""not_applicable"",""total"":0,""unknown_action_count"":0}","{""known"":70.34791819751263,""not_attempted_or_missing_action_count"":0,""status"":""complete"",""total"":70.34791819751263,""unknown_action_count"":0}","{""known"":0,""not_attempted_or_missing_action_count"":0,""status"":""not_applicable"",""total"":0,""unknown_action_count"":0}",11.241162195801735,11.241162195801735,0,2.4415431544184685,2.4415431544184685,0,324227,324227,0,5446,5446,0
m15-fb-confirmatory-48-f2-02,f2_temporal_path_control,crossfit_seen_family,False,paid_selection,6,6,6,"{""completed"":6}",33.9735415764153,"{""balanced-00"":34.376333467662334,""balanced-01"":34.57766678184271,""balanced-02"":34.00020767003298,""balanced-03"":33.94687548279762,""balanced-04"":31.987708061933517,""balanced-05"":30.994290485978127}","{""path_first_hash"":6}",0,"{""known"":36,""not_attempted_or_missing_action_count"":0,""status"":""complete"",""total"":36,""unknown_action_count"":0}","{""known"":24,""not_attempted_or_missing_action_count"":0,""status"":""complete"",""total"":24,""unknown_action_count"":0}","{""known"":450228,""not_attempted_or_missing_action_count"":0,""status"":""complete"",""total"":450228,""unknown_action_count"":0}","{""known"":299646,""not_attempted_or_missing_action_count"":0,""status"":""complete"",""total"":299646,""unknown_action_count"":0}","{""known"":155.49779403954744,""not_attempted_or_missing_action_count"":0,""status"":""complete"",""total"":155.49779403954744,""unknown_action_count"":0}","{""known"":109.66833494603634,""not_attempted_or_missing_action_count"":0,""status"":""complete"",""total"":109.66833494603634,""unknown_action_count"":0}","{""known"":165.74149765074253,""not_attempted_or_missing_action_count"":0,""status"":""complete"",""total"":165.74149765074253,""unknown_action_count"":0}","{""known"":116.56179092824459,""not_attempted_or_missing_action_count"":0,""status"":""complete"",""total"":116.56179092824459,""unknown_action_count"":0}",33.208832144737244,33.208832144737244,0,2.367333509027958,2.367333509027958,0,1020171,1020171,0,13467,13467,0
m15-fb-confirmatory-48-f2-03,f2_temporal_path_control,crossfit_seen_family,False,fixed_hash,6,6,6,"{""completed"":6}",10.763125494122505,"{""balanced-00"":12.864042073488235,""balanced-01"":10.973875410854816,""balanced-02"":10.347415693104267,""balanced-03"":10.647667571902275,""balanced-04"":10.878583416342735,""balanced-05"":10.367834009230137}",{},0,"{""known"":12,""not_attempted_or_missing_action_count"":0,""status"":""complete"",""total"":12,""unknown_action_count"":0}","{""known"":0,""not_attempted_or_missing_action_count"":0,""status"":""not_applicable"",""total"":0,""unknown_action_count"":0}","{""known"":151572,""not_attempted_or_missing_action_count"":0,""status"":""complete"",""total"":151572,""unknown_action_count"":0}","{""known"":0,""not_attempted_or_missing_action_count"":0,""status"":""not_applicable"",""total"":0,""unknown_action_count"":0}","{""known"":49.740249291062355,""not_attempted_or_missing_action_count"":0,""status"":""complete"",""total"":49.740249291062355,""unknown_action_count"":0}","{""known"":0,""not_attempted_or_missing_action_count"":0,""status"":""not_applicable"",""total"":0,""unknown_action_count"":0}","{""known"":53.34091745316982,""not_attempted_or_missing_action_count"":0,""status"":""complete"",""total"":53.34091745316982,""unknown_action_count"":0}","{""known"":0,""not_attempted_or_missing_action_count"":0,""status"":""not_applicable"",""total"":0,""unknown_action_count"":0}",12.30246014893055,12.30246014893055,0,2.3247916251420975,2.3247916251420975,0,331089,331089,0,5340,5340,0
m15-fb-confirmatory-48-f2-03,f2_temporal_path_control,crossfit_seen_family,False,fixed_bind,6,6,6,"{""completed"":6}",13.596812728792429,"{""balanced-00"":16.56350027769804,""balanced-01"":13.154666870832443,""balanced-02"":13.148417696356773,""balanced-03"":14.038958586752415,""balanced-04"":14.749624766409397,""balanced-05"":12.48391717672348}",{},0,"{""known"":12,""not_attempted_or_missing_action_count"":0,""status"":""complete"",""total"":12,""unknown_action_count"":0}","{""known"":0,""not_attempted_or_missing_action_count"":0,""status"":""not_applicable"",""total"":0,""unknown_action_count"":0}","{""known"":149556,""not_attempted_or_missing_action_count"":0,""status"":""complete"",""total"":149556,""unknown_action_count"":0}","{""known"":0,""not_attempted_or_missing_action_count"":0,""status"":""not_applicable"",""total"":0,""unknown_action_count"":0}","{""known"":68.69012303650379,""not_attempted_or_missing_action_count"":0,""status"":""complete"",""total"":68.69012303650379,""unknown_action_count"":0}","{""known"":0,""not_attempted_or_missing_action_count"":0,""status"":""not_applicable"",""total"":0,""unknown_action_count"":0}","{""known"":72.20329064875841,""not_attempted_or_missing_action_count"":0,""status"":""complete"",""total"":72.20329064875841,""unknown_action_count"":0}","{""known"":0,""not_attempted_or_missing_action_count"":0,""status"":""not_applicable"",""total"":0,""unknown_action_count"":0}",11.588748544454575,11.588748544454575,0,2.237084321677685,2.237084321677685,0,327722,327722,0,5446,5446,0
m15-fb-confirmatory-48-f2-03,f2_temporal_path_control,crossfit_seen_family,False,paid_selection,6,6,6,"{""completed"":6}",35.36952007561922,"{""balanced-00"":35.45170743018389,""balanced-01"":34.66491587460041,""balanced-02"":35.98470892757177,""balanced-03"":35.287332721054554,""balanced-04"":36.378500051796436,""balanced-05"":34.224084578454494}","{""path_first_hash"":6}",0,"{""known"":36,""not_attempted_or_missing_action_count"":0,""status"":""complete"",""total"":36,""unknown_action_count"":0}","{""known"":24,""not_attempted_or_missing_action_count"":0,""status"":""complete"",""total"":24,""unknown_action_count"":0}","{""known"":452700,""not_attempted_or_missing_action_count"":0,""status"":""complete"",""total"":452700,""unknown_action_count"":0}","{""known"":301128,""not_attempted_or_missing_action_count"":0,""status"":""complete"",""total"":301128,""unknown_action_count"":0}","{""known"":165.93395918607712,""not_attempted_or_missing_action_count"":0,""status"":""complete"",""total"":165.93395918607712,""unknown_action_count"":0}","{""known"":117.77020990848541,""not_attempted_or_missing_action_count"":0,""status"":""complete"",""total"":117.77020990848541,""unknown_action_count"":0}","{""known"":176.12800002098083,""not_attempted_or_missing_action_count"":0,""status"":""complete"",""total"":176.12800002098083,""unknown_action_count"":0}","{""known"":124.50670916587114,""not_attempted_or_missing_action_count"":0,""status"":""complete"",""total"":124.50670916587114,""unknown_action_count"":0}",34.919872879981995,34.919872879981995,0,2.3927493020892143,2.3927493020892143,0,1032580,1032580,0,13467,13467,0
m15-fb-confirmatory-48-f2-04,f2_temporal_path_control,crossfit_seen_family,False,fixed_hash,6,6,6,"{""completed"":6}",10.459603741765022,"{""balanced-00"":12.514875270426273,""balanced-01"":10.616707615554333,""balanced-02"":10.302499867975712,""balanced-03"":9.82641614973545,""balanced-04"":15.306374989449978,""balanced-05"":10.239041410386562}",{},0,"{""known"":12,""not_attempted_or_missing_action_count"":0,""status"":""complete"",""total"":12,""unknown_action_count"":0}","{""known"":0,""not_attempted_or_missing_action_count"":0,""status"":""not_applicable"",""total"":0,""unknown_action_count"":0}","{""known"":149496,""not_attempted_or_missing_action_count"":0,""status"":""complete"",""total"":149496,""unknown_action_count"":0}","{""known"":0,""not_attempted_or_missing_action_count"":0,""status"":""not_applicable"",""total"":0,""unknown_action_count"":0}","{""known"":53.38583420962095,""not_attempted_or_missing_action_count"":0,""status"":""complete"",""total"":53.38583420962095,""unknown_action_count"":0}","{""known"":0,""not_attempted_or_missing_action_count"":0,""status"":""not_applicable"",""total"":0,""unknown_action_count"":0}","{""known"":56.88004195690155,""not_attempted_or_missing_action_count"":0,""status"":""complete"",""total"":56.88004195690155,""unknown_action_count"":0}","{""known"":0,""not_attempted_or_missing_action_count"":0,""status"":""not_applicable"",""total"":0,""unknown_action_count"":0}",11.578042060136795,11.578042060136795,0,2.375168725848198,2.375168725848198,0,324435,324435,0,5338,5338,0
m15-fb-confirmatory-48-f2-04,f2_temporal_path_control,crossfit_seen_family,False,fixed_bind,6,6,6,"{""completed"":6}",13.842999935150146,"{""balanced-00"":17.68433302640915,""balanced-01"":13.305749744176865,""balanced-02"":14.823791570961475,""balanced-03"":14.380250126123428,""balanced-04"":12.845832854509354,""balanced-05"":11.754374951124191}",{},0,"{""known"":12,""not_attempted_or_missing_action_count"":0,""status"":""complete"",""total"":12,""unknown_action_count"":0}","{""known"":0,""not_attempted_or_missing_action_count"":0,""status"":""not_applicable"",""total"":0,""unknown_action_count"":0}","{""known"":149064,""not_attempted_or_missing_action_count"":0,""status"":""complete"",""total"":149064,""unknown_action_count"":0}","{""known"":0,""not_attempted_or_missing_action_count"":0,""status"":""not_applicable"",""total"":0,""unknown_action_count"":0}","{""known"":70.12195978313684,""not_attempted_or_missing_action_count"":0,""status"":""complete"",""total"":70.12195978313684,""unknown_action_count"":0}","{""known"":0,""not_attempted_or_missing_action_count"":0,""status"":""not_applicable"",""total"":0,""unknown_action_count"":0}","{""known"":73.54837469756603,""not_attempted_or_missing_action_count"":0,""status"":""complete"",""total"":73.54837469756603,""unknown_action_count"":0}","{""known"":0,""not_attempted_or_missing_action_count"":0,""status"":""not_applicable"",""total"":0,""unknown_action_count"":0}",10.901287198066711,10.901287198066711,0,2.162167802453041,2.162167802453041,0,324225,324225,0,5447,5447,0
m15-fb-confirmatory-48-f2-04,f2_temporal_path_control,crossfit_seen_family,False,paid_selection,6,6,6,"{""completed"":6}",34.58552062511444,"{""balanced-00"":38.5455833747983,""balanced-01"":34.4549585133791,""balanced-02"":33.79995748400688,""balanced-03"":35.13987548649311,""balanced-04"":34.716082736849785,""balanced-05"":31.845416873693466}","{""path_first_hash"":6}",0,"{""known"":36,""not_attempted_or_missing_action_count"":0,""status"":""complete"",""total"":36,""unknown_action_count"":0}","{""known"":24,""not_attempted_or_missing_action_count"":0,""status"":""complete"",""total"":24,""unknown_action_count"":0}","{""known"":448056,""not_attempted_or_missing_action_count"":0,""status"":""complete"",""total"":448056,""unknown_action_count"":0}","{""known"":298560,""not_attempted_or_missing_action_count"":0,""status"":""complete"",""total"":298560,""unknown_action_count"":0}","{""known"":165.27579352259636,""not_attempted_or_missing_action_count"":0,""status"":""complete"",""total"":165.27579352259636,""unknown_action_count"":0}","{""known"":115.36370869725943,""not_attempted_or_missing_action_count"":0,""status"":""complete"",""total"":115.36370869725943,""unknown_action_count"":0}","{""known"":175.44183135032654,""not_attempted_or_missing_action_count"":0,""status"":""complete"",""total"":175.44183135032654,""unknown_action_count"":0}","{""known"":122.03670665621758,""not_attempted_or_missing_action_count"":0,""status"":""complete"",""total"":122.03670665621758,""unknown_action_count"":0}",32.11854211986065,32.11854211986065,0,2.3117894306778908,2.3117894306778908,0,1015767,1015767,0,13464,13464,0
m15-fb-confirmatory-48-f2-05,f2_temporal_path_control,crossfit_seen_family,False,fixed_hash,6,6,6,"{""completed"":6}",11.111562605947256,"{""balanced-00"":11.125374585390091,""balanced-01"":12.400916777551174,""balanced-02"":11.362665332853794,""balanced-03"":11.097750626504421,""balanced-04"":10.150250047445297,""balanced-05"":9.680249728262424}",{},0,"{""known"":12,""not_attempted_or_missing_action_count"":0,""status"":""complete"",""total"":12,""unknown_action_count"":0}","{""known"":0,""not_attempted_or_missing_action_count"":0,""status"":""not_applicable"",""total"":0,""unknown_action_count"":0}","{""known"":153558,""not_attempted_or_missing_action_count"":0,""status"":""complete"",""total"":153558,""unknown_action_count"":0}","{""known"":0,""not_attempted_or_missing_action_count"":0,""status"":""not_applicable"",""total"":0,""unknown_action_count"":0}","{""known"":49.09775033593178,""not_attempted_or_missing_action_count"":0,""status"":""complete"",""total"":49.09775033593178,""unknown_action_count"":0}","{""known"":0,""not_attempted_or_missing_action_count"":0,""status"":""not_applicable"",""total"":0,""unknown_action_count"":0}","{""known"":52.848875522613525,""not_attempted_or_missing_action_count"":0,""status"":""complete"",""total"":52.848875522613525,""unknown_action_count"":0}","{""known"":0,""not_attempted_or_missing_action_count"":0,""status"":""not_applicable"",""total"":0,""unknown_action_count"":0}",12.543871067464352,12.543871067464352,0,2.5368323549628258,2.5368323549628258,0,332574,332574,0,5339,5339,0
m15-fb-confirmatory-48-f2-05,f2_temporal_path_control,crossfit_seen_family,False,fixed_bind,6,6,6,"{""completed"":6}",13.669165782630444,"{""balanced-00"":16.32562465965748,""balanced-01"":14.485291205346584,""balanced-02"":15.164165757596493,""balanced-03"":12.853040359914303,""balanced-04"":12.67862506210804,""balanced-05"":11.585083790123463}",{},0,"{""known"":12,""not_attempted_or_missing_action_count"":0,""status"":""complete"",""total"":12,""unknown_action_count"":0}","{""known"":0,""not_attempted_or_missing_action_count"":0,""status"":""not_applicable"",""total"":0,""unknown_action_count"":0}","{""known"":149064,""not_attempted_or_missing_action_count"":0,""status"":""complete"",""total"":149064,""unknown_action_count"":0}","{""known"":0,""not_attempted_or_missing_action_count"":0,""status"":""not_applicable"",""total"":0,""unknown_action_count"":0}","{""known"":67.26804003119469,""not_attempted_or_missing_action_count"":0,""status"":""complete"",""total"":67.26804003119469,""unknown_action_count"":0}","{""known"":0,""not_attempted_or_missing_action_count"":0,""status"":""not_applicable"",""total"":0,""unknown_action_count"":0}","{""known"":70.66966593265533,""not_attempted_or_missing_action_count"":0,""status"":""complete"",""total"":70.66966593265533,""unknown_action_count"":0}","{""known"":0,""not_attempted_or_missing_action_count"":0,""status"":""not_applicable"",""total"":0,""unknown_action_count"":0}",12.067330069839954,12.067330069839954,0,2.2904137149453163,2.2904137149453163,0,324225,324225,0,5446,5446,0
m15-fb-confirmatory-48-f2-05,f2_temporal_path_control,crossfit_seen_family,False,paid_selection,6,6,6,"{""completed"":6}",37.11935458704829,"{""balanced-00"":36.988500505685806,""balanced-01"":43.29512547701597,""balanced-02"":40.89654237031937,""balanced-03"":37.25020866841078,""balanced-04"":32.32558257877827,""balanced-05"":30.99741693586111}","{""path_first_hash"":6}",0,"{""known"":36,""not_attempted_or_missing_action_count"":0,""status"":""complete"",""total"":36,""unknown_action_count"":0}","{""known"":24,""not_attempted_or_missing_action_count"":0,""status"":""complete"",""total"":24,""unknown_action_count"":0}","{""known"":456180,""not_attempted_or_missing_action_count"":0,""status"":""complete"",""total"":456180,""unknown_action_count"":0}","{""known"":302622,""not_attempted_or_missing_action_count"":0,""status"":""complete"",""total"":302622,""unknown_action_count"":0}","{""known"":167.30733308941126,""not_attempted_or_missing_action_count"":0,""status"":""complete"",""total"":167.30733308941126,""unknown_action_count"":0}","{""known"":119.36729308217764,""not_attempted_or_missing_action_count"":0,""status"":""complete"",""total"":119.36729308217764,""unknown_action_count"":0}","{""known"":178.15191484987736,""not_attempted_or_missing_action_count"":0,""status"":""complete"",""total"":178.15191484987736,""unknown_action_count"":0}","{""known"":126.55354011803865,""not_attempted_or_missing_action_count"":0,""status"":""complete"",""total"":126.55354011803865,""unknown_action_count"":0}",42.18433145433664,42.18433145433664,0,2.7283765375614166,2.7283765375614166,0,1032066,1032066,0,13465,13465,0
m15-fb-confirmatory-48-f2-06,f2_temporal_path_control,crossfit_seen_family,False,fixed_hash,6,6,6,"{""completed"":6}",11.195458006113768,"{""balanced-00"":11.936292052268982,""balanced-01"":11.274166405200958,""balanced-02"":10.391958057880402,""balanced-03"":11.150582693517208,""balanced-04"":10.460124351084232,""balanced-05"":11.240333318710327}",{},0,"{""known"":12,""not_attempted_or_missing_action_count"":0,""status"":""complete"",""total"":12,""unknown_action_count"":0}","{""known"":0,""not_attempted_or_missing_action_count"":0,""status"":""not_applicable"",""total"":0,""unknown_action_count"":0}","{""known"":150060,""not_attempted_or_missing_action_count"":0,""status"":""complete"",""total"":150060,""unknown_action_count"":0}","{""known"":0,""not_attempted_or_missing_action_count"":0,""status"":""not_applicable"",""total"":0,""unknown_action_count"":0}","{""known"":51.790667697787285,""not_attempted_or_missing_action_count"":0,""status"":""complete"",""total"":51.790667697787285,""unknown_action_count"":0}","{""known"":0,""not_attempted_or_missing_action_count"":0,""status"":""not_applicable"",""total"":0,""unknown_action_count"":0}","{""known"":55.0458338111639,""not_attempted_or_missing_action_count"":0,""status"":""complete"",""total"":55.0458338111639,""unknown_action_count"":0}","{""known"":0,""not_attempted_or_missing_action_count"":0,""status"":""not_applicable"",""total"":0,""unknown_action_count"":0}",11.079796589910984,11.079796589910984,0,2.1983757615089417,2.1983757615089417,0,325589,325589,0,5340,5340,0
m15-fb-confirmatory-48-f2-06,f2_temporal_path_control,crossfit_seen_family,False,fixed_bind,6,6,6,"{""completed"":6}",14.22122959047556,"{""balanced-00"":19.78524960577488,""balanced-01"":13.838333077728748,""balanced-02"":15.061541460454464,""balanced-03"":14.240042306482792,""balanced-04"":13.879500329494476,""balanced-05"":14.202416874468327}",{},0,"{""known"":12,""not_attempted_or_missing_action_count"":0,""status"":""complete"",""total"":12,""unknown_action_count"":0}","{""known"":0,""not_attempted_or_missing_action_count"":0,""status"":""not_applicable"",""total"":0,""unknown_action_count"":0}","{""known"":149064,""not_attempted_or_missing_action_count"":0,""status"":""complete"",""total"":149064,""unknown_action_count"":0}","{""known"":0,""not_attempted_or_missing_action_count"":0,""status"":""not_applicable"",""total"":0,""unknown_action_count"":0}","{""known"":73.42545874416828,""not_attempted_or_missing_action_count"":0,""status"":""complete"",""total"":73.42545874416828,""unknown_action_count"":0}","{""known"":0,""not_attempted_or_missing_action_count"":0,""status"":""not_applicable"",""total"":0,""unknown_action_count"":0}","{""known"":76.96741633117199,""not_attempted_or_missing_action_count"":0,""status"":""complete"",""total"":76.96741633117199,""unknown_action_count"":0}","{""known"":0,""not_attempted_or_missing_action_count"":0,""status"":""not_applicable"",""total"":0,""unknown_action_count"":0}",13.630500994622707,13.630500994622707,0,2.1925410255789757,2.1925410255789757,0,324228,324228,0,5447,5447,0
m15-fb-confirmatory-48-f2-06,f2_temporal_path_control,crossfit_seen_family,False,paid_selection,6,6,6,"{""completed"":6}",38.18772919476032,"{""balanced-00"":41.23749956488609,""balanced-01"":36.43062524497509,""balanced-02"":34.37170758843422,""balanced-03"":39.893792010843754,""balanced-04"":36.48166637867689,""balanced-05"":44.639875181019306}","{""path_first_hash"":6}",0,"{""known"":36,""not_attempted_or_missing_action_count"":0,""status"":""complete"",""total"":36,""unknown_action_count"":0}","{""known"":24,""not_attempted_or_missing_action_count"":0,""status"":""complete"",""total"":24,""unknown_action_count"":0}","{""known"":449184,""not_attempted_or_missing_action_count"":0,""status"":""complete"",""total"":449184,""unknown_action_count"":0}","{""known"":299124,""not_attempted_or_missing_action_count"":0,""status"":""complete"",""total"":299124,""unknown_action_count"":0}","{""known"":188.28770983964205,""not_attempted_or_missing_action_count"":0,""status"":""complete"",""total"":188.28770983964205,""unknown_action_count"":0}","{""known"":127.45579425245523,""not_attempted_or_missing_action_count"":0,""status"":""complete"",""total"":127.45579425245523,""unknown_action_count"":0}","{""known"":198.55979178100824,""not_attempted_or_missing_action_count"":0,""status"":""complete"",""total"":198.55979178100824,""unknown_action_count"":0}","{""known"":134.25212539732456,""not_attempted_or_missing_action_count"":0,""status"":""complete"",""total"":134.25212539732456,""unknown_action_count"":0}",33.51495321840048,33.51495321840048,0,2.482667565345764,2.482667565345764,0,1018075,1018075,0,13466,13466,0
m15-fb-confirmatory-48-f2-07,f2_temporal_path_control,crossfit_seen_family,False,fixed_hash,6,6,6,"{""completed"":6}",10.228687431663275,"{""balanced-00"":10.095291770994663,""balanced-01"":12.87758257240057,""balanced-02"":9.939082898199558,""balanced-03"":10.362083092331886,""balanced-04"":10.375667363405228,""balanced-05"":9.612666442990303}",{},0,"{""known"":12,""not_attempted_or_missing_action_count"":0,""status"":""complete"",""total"":12,""unknown_action_count"":0}","{""known"":0,""not_attempted_or_missing_action_count"":0,""status"":""not_applicable"",""total"":0,""unknown_action_count"":0}","{""known"":154608,""not_attempted_or_missing_action_count"":0,""status"":""complete"",""total"":154608,""unknown_action_count"":0}","{""known"":0,""not_attempted_or_missing_action_count"":0,""status"":""not_applicable"",""total"":0,""unknown_action_count"":0}","{""known"":47.85795696079731,""not_attempted_or_missing_action_count"":0,""status"":""complete"",""total"":47.85795696079731,""unknown_action_count"":0}","{""known"":0,""not_attempted_or_missing_action_count"":0,""status"":""not_applicable"",""total"":0,""unknown_action_count"":0}","{""known"":51.316874101758,""not_attempted_or_missing_action_count"":0,""status"":""complete"",""total"":51.316874101758,""unknown_action_count"":0}","{""known"":0,""not_attempted_or_missing_action_count"":0,""status"":""not_applicable"",""total"":0,""unknown_action_count"":0}",11.548997834324837,11.548997834324837,0,2.461375668644905,2.461375668644905,0,337239,337239,0,5337,5337,0
m15-fb-confirmatory-48-f2-07,f2_temporal_path_control,crossfit_seen_family,False,fixed_bind,6,6,6,"{""completed"":6}",14.019228983670473,"{""balanced-00"":14.857875183224678,""balanced-01"":18.783542327582836,""balanced-02"":13.462208211421967,""balanced-03"":12.248165905475616,""balanced-04"":14.57624975591898,""balanced-05"":13.182749971747398}",{},0,"{""known"":12,""not_attempted_or_missing_action_count"":0,""status"":""complete"",""total"":12,""unknown_action_count"":0}","{""known"":0,""not_attempted_or_missing_action_count"":0,""status"":""not_applicable"",""total"":0,""unknown_action_count"":0}","{""known"":149568,""not_attempted_or_missing_action_count"":0,""status"":""complete"",""total"":149568,""unknown_action_count"":0}","{""known"":0,""not_attempted_or_missing_action_count"":0,""status"":""not_applicable"",""total"":0,""unknown_action_count"":0}","{""known"":71.53279427438974,""not_attempted_or_missing_action_count"":0,""status"":""complete"",""total"":71.53279427438974,""unknown_action_count"":0}","{""known"":0,""not_attempted_or_missing_action_count"":0,""status"":""not_applicable"",""total"":0,""unknown_action_count"":0}","{""known"":74.96591843664646,""not_attempted_or_missing_action_count"":0,""status"":""complete"",""total"":74.96591843664646,""unknown_action_count"":0}","{""known"":0,""not_attempted_or_missing_action_count"":0,""status"":""not_applicable"",""total"":0,""unknown_action_count"":0}",11.711539700627327,11.711539700627327,0,2.305709756910801,2.305709756910801,0,327790,327790,0,5447,5447,0
m15-fb-confirmatory-48-f2-07,f2_temporal_path_control,crossfit_seen_family,False,paid_selection,6,6,6,"{""completed"":6}",33.05120766162872,"{""balanced-00"":37.62245737016201,""balanced-01"":36.07395850121975,""balanced-02"":32.63845760375261,""balanced-03"":32.237124629318714,""balanced-04"":32.4191665276885,""balanced-05"":33.46395771950483}","{""path_first_hash"":6}",0,"{""known"":36,""not_attempted_or_missing_action_count"":0,""status"":""complete"",""total"":36,""unknown_action_count"":0}","{""known"":24,""not_attempted_or_missing_action_count"":0,""status"":""complete"",""total"":24,""unknown_action_count"":0}","{""known"":458784,""not_attempted_or_missing_action_count"":0,""status"":""complete"",""total"":458784,""unknown_action_count"":0}","{""known"":304176,""not_attempted_or_missing_action_count"":0,""status"":""complete"",""total"":304176,""unknown_action_count"":0}","{""known"":159.17737782001495,""not_attempted_or_missing_action_count"":0,""status"":""complete"",""total"":159.17737782001495,""unknown_action_count"":0}","{""known"":112.7555025741458,""not_attempted_or_missing_action_count"":0,""status"":""complete"",""total"":112.7555025741458,""unknown_action_count"":0}","{""known"":169.51971221715212,""not_attempted_or_missing_action_count"":0,""status"":""complete"",""total"":169.51971221715212,""unknown_action_count"":0}","{""known"":119.56683732569218,""not_attempted_or_missing_action_count"":0,""status"":""complete"",""total"":119.56683732569218,""unknown_action_count"":0}",33.957661129534245,33.957661129534245,0,2.508501522243023,2.508501522243023,0,1044920,1044920,0,13464,13464,0
m15-fb-confirmatory-48-f2-08,f2_temporal_path_control,crossfit_seen_family,False,fixed_hash,6,6,6,"{""completed"":6}",10.112312622368336,"{""balanced-00"":10.671958327293396,""balanced-01"":12.972082942724228,""balanced-02"":9.831749834120274,""balanced-03"":10.03141701221466,""balanced-04"":9.747791104018688,""balanced-05"":10.19320823252201}",{},0,"{""known"":12,""not_attempted_or_missing_action_count"":0,""status"":""complete"",""total"":12,""unknown_action_count"":0}","{""known"":0,""not_attempted_or_missing_action_count"":0,""status"":""not_applicable"",""total"":0,""unknown_action_count"":0}","{""known"":149568,""not_attempted_or_missing_action_count"":0,""status"":""complete"",""total"":149568,""unknown_action_count"":0}","{""known"":0,""not_attempted_or_missing_action_count"":0,""status"":""not_applicable"",""total"":0,""unknown_action_count"":0}","{""known"":48.58762491494417,""not_attempted_or_missing_action_count"":0,""status"":""complete"",""total"":48.58762491494417,""unknown_action_count"":0}","{""known"":0,""not_attempted_or_missing_action_count"":0,""status"":""not_applicable"",""total"":0,""unknown_action_count"":0}","{""known"":51.92229151725769,""not_attempted_or_missing_action_count"":0,""status"":""complete"",""total"":51.92229151725769,""unknown_action_count"":0}","{""known"":0,""not_attempted_or_missing_action_count"":0,""status"":""not_applicable"",""total"":0,""unknown_action_count"":0}",11.14174909889698,11.14174909889698,0,2.3252097889781,2.3252097889781,0,324583,324583,0,5334,5334,0
m15-fb-confirmatory-48-f2-08,f2_temporal_path_control,crossfit_seen_family,False,fixed_bind,6,6,6,"{""completed"":6}",13.844875153154135,"{""balanced-00"":15.265624970197678,""balanced-01"":18.927291966974735,""balanced-02"":12.836833484470844,""balanced-03"":14.079166576266289,""balanced-04"":13.61058373004198,""balanced-05"":12.385666370391846}",{},0,"{""known"":12,""not_attempted_or_missing_action_count"":0,""status"":""complete"",""total"":12,""unknown_action_count"":0}","{""known"":0,""not_attempted_or_missing_action_count"":0,""status"":""not_applicable"",""total"":0,""unknown_action_count"":0}","{""known"":149064,""not_attempted_or_missing_action_count"":0,""status"":""complete"",""total"":149064,""unknown_action_count"":0}","{""known"":0,""not_attempted_or_missing_action_count"":0,""status"":""not_applicable"",""total"":0,""unknown_action_count"":0}","{""known"":71.96837663650513,""not_attempted_or_missing_action_count"":0,""status"":""complete"",""total"":71.96837663650513,""unknown_action_count"":0}","{""known"":0,""not_attempted_or_missing_action_count"":0,""status"":""not_applicable"",""total"":0,""unknown_action_count"":0}","{""known"":75.47266595065594,""not_attempted_or_missing_action_count"":0,""status"":""complete"",""total"":75.47266595065594,""unknown_action_count"":0}","{""known"":0,""not_attempted_or_missing_action_count"":0,""status"":""not_applicable"",""total"":0,""unknown_action_count"":0}",11.313624680042267,11.313624680042267,0,2.1636663004755974,2.1636663004755974,0,324225,324225,0,5445,5445,0
m15-fb-confirmatory-48-f2-08,f2_temporal_path_control,crossfit_seen_family,False,paid_selection,6,6,6,"{""completed"":6}",39.51381240040064,"{""balanced-00"":46.820166520774364,""balanced-01"":35.95716692507267,""balanced-02"":32.91816636919975,""balanced-03"":43.07045787572861,""balanced-04"":32.202208414673805,""balanced-05"":43.95791608840227}","{""path_first_hash"":6}",0,"{""known"":36,""not_attempted_or_missing_action_count"":0,""status"":""complete"",""total"":36,""unknown_action_count"":0}","{""known"":24,""not_attempted_or_missing_action_count"":0,""status"":""complete"",""total"":24,""unknown_action_count"":0}","{""known"":448200,""not_attempted_or_missing_action_count"":0,""status"":""complete"",""total"":448200,""unknown_action_count"":0}","{""known"":298632,""not_attempted_or_missing_action_count"":0,""status"":""complete"",""total"":298632,""unknown_action_count"":0}","{""known"":181.13683350384235,""not_attempted_or_missing_action_count"":0,""status"":""complete"",""total"":181.13683350384235,""unknown_action_count"":0}","{""known"":130.99945709109306,""not_attempted_or_missing_action_count"":0,""status"":""complete"",""total"":130.99945709109306,""unknown_action_count"":0}","{""known"":191.32579024881124,""not_attempted_or_missing_action_count"":0,""status"":""complete"",""total"":191.32579024881124,""unknown_action_count"":0}","{""known"":137.8306234255433,""not_attempted_or_missing_action_count"":0,""status"":""complete"",""total"":137.8306234255433,""unknown_action_count"":0}",41.503749787807465,41.503749787807465,0,3.30920796841383,3.30920796841383,0,1016036,1016036,0,13464,13464,0
m15-fb-confirmatory-48-f2-09,f2_temporal_path_control,crossfit_seen_family,False,fixed_hash,6,6,6,"{""completed"":6}",10.918896179646254,"{""balanced-00"":11.393207125365734,""balanced-01"":10.365999303758144,""balanced-02"":10.819791816174984,""balanced-03"":11.018000543117523,""balanced-04"":9.51654277741909,""balanced-05"":11.362000368535519}",{},0,"{""known"":12,""not_attempted_or_missing_action_count"":0,""status"":""complete"",""total"":12,""unknown_action_count"":0}","{""known"":0,""not_attempted_or_missing_action_count"":0,""status"":""not_applicable"",""total"":0,""unknown_action_count"":0}","{""known"":153102,""not_attempted_or_missing_action_count"":0,""status"":""complete"",""total"":153102,""unknown_action_count"":0}","{""known"":0,""not_attempted_or_missing_action_count"":0,""status"":""not_applicable"",""total"":0,""unknown_action_count"":0}","{""known"":48.898291774094105,""not_attempted_or_missing_action_count"":0,""status"":""complete"",""total"":48.898291774094105,""unknown_action_count"":0}","{""known"":0,""not_attempted_or_missing_action_count"":0,""status"":""not_applicable"",""total"":0,""unknown_action_count"":0}","{""known"":52.39454377442598,""not_attempted_or_missing_action_count"":0,""status"":""complete"",""total"":52.39454377442598,""unknown_action_count"":0}","{""known"":0,""not_attempted_or_missing_action_count"":0,""status"":""not_applicable"",""total"":0,""unknown_action_count"":0}",11.704916134476662,11.704916134476662,0,2.2847922518849373,2.2847922518849373,0,334170,334170,0,5337,5337,0
m15-fb-confirmatory-48-f2-09,f2_temporal_path_control,crossfit_seen_family,False,fixed_bind,6,6,6,"{""completed"":6}",14.559958595782518,"{""balanced-00"":15.220708213746548,""balanced-01"":14.818834140896797,""balanced-02"":14.30108305066824,""balanced-03"":20.084290765225887,""balanced-04"":12.304499745368958,""balanced-05"":13.37987557053566}",{},0,"{""known"":12,""not_attempted_or_missing_action_count"":0,""status"":""complete"",""total"":12,""unknown_action_count"":0}","{""known"":0,""not_attempted_or_missing_action_count"":0,""status"":""not_applicable"",""total"":0,""unknown_action_count"":0}","{""known"":149556,""not_attempted_or_missing_action_count"":0,""status"":""complete"",""total"":149556,""unknown_action_count"":0}","{""known"":0,""not_attempted_or_missing_action_count"":0,""status"":""not_applicable"",""total"":0,""unknown_action_count"":0}","{""known"":74.81158431619406,""not_attempted_or_missing_action_count"":0,""status"":""complete"",""total"":74.81158431619406,""unknown_action_count"":0}","{""known"":0,""not_attempted_or_missing_action_count"":0,""status"":""not_applicable"",""total"":0,""unknown_action_count"":0}","{""known"":78.35929188877344,""not_attempted_or_missing_action_count"":0,""status"":""complete"",""total"":78.35929188877344,""unknown_action_count"":0}","{""known"":0,""not_attempted_or_missing_action_count"":0,""status"":""not_applicable"",""total"":0,""unknown_action_count"":0}",11.387461796402931,11.387461796402931,0,2.1933335810899734,2.1933335810899734,0,327724,327724,0,5444,5444,0
m15-fb-confirmatory-48-f2-09,f2_temporal_path_control,crossfit_seen_family,False,paid_selection,6,6,6,"{""completed"":6}",34.903042018413544,"{""balanced-00"":40.10533355176449,""balanced-01"":34.163459204137325,""balanced-02"":46.32512480020523,""balanced-03"":35.64262483268976,""balanced-04"":31.527750194072723,""balanced-05"":33.94804149866104}","{""path_first_hash"":6}",0,"{""known"":36,""not_attempted_or_missing_action_count"":0,""status"":""complete"",""total"":36,""unknown_action_count"":0}","{""known"":24,""not_attempted_or_missing_action_count"":0,""status"":""complete"",""total"":24,""unknown_action_count"":0}","{""known"":455760,""not_attempted_or_missing_action_count"":0,""status"":""complete"",""total"":455760,""unknown_action_count"":0}","{""known"":302658,""not_attempted_or_missing_action_count"":0,""status"":""complete"",""total"":302658,""unknown_action_count"":0}","{""known"":166.50037746876478,""not_attempted_or_missing_action_count"":0,""status"":""complete"",""total"":166.50037746876478,""unknown_action_count"":0}","{""known"":114.97187707573175,""not_attempted_or_missing_action_count"":0,""status"":""complete"",""total"":114.97187707573175,""unknown_action_count"":0}","{""known"":176.90633237361908,""not_attempted_or_missing_action_count"":0,""status"":""complete"",""total"":176.90633237361908,""unknown_action_count"":0}","{""known"":121.72350008040667,""not_attempted_or_missing_action_count"":0,""status"":""complete"",""total"":121.72350008040667,""unknown_action_count"":0}",43.785215355455875,43.785215355455875,0,2.6024580001831055,2.6024580001831055,0,1038740,1038740,0,13465,13465,0
m15-fb-confirmatory-48-f2-10,f2_temporal_path_control,crossfit_seen_family,False,fixed_hash,6,6,6,"{""completed"":6}",10.449270252138376,"{""balanced-00"":161.94504220038652,""balanced-01"":10.602874681353569,""balanced-02"":9.887750260531902,""balanced-03"":10.295665822923183,""balanced-04"":10.132165625691414,""balanced-05"":10.820332914590836}",{},0,"{""known"":12,""not_attempted_or_missing_action_count"":0,""status"":""complete"",""total"":12,""unknown_action_count"":0}","{""known"":0,""not_attempted_or_missing_action_count"":0,""status"":""not_applicable"",""total"":0,""unknown_action_count"":0}","{""known"":154644,""not_attempted_or_missing_action_count"":0,""status"":""complete"",""total"":154644,""unknown_action_count"":0}","{""known"":0,""not_attempted_or_missing_action_count"":0,""status"":""not_applicable"",""total"":0,""unknown_action_count"":0}","{""known"":198.68349842727184,""not_attempted_or_missing_action_count"":0,""status"":""complete"",""total"":198.68349842727184,""unknown_action_count"":0}","{""known"":0,""not_attempted_or_missing_action_count"":0,""status"":""not_applicable"",""total"":0,""unknown_action_count"":0}","{""known"":202.04291678965092,""not_attempted_or_missing_action_count"":0,""status"":""complete"",""total"":202.04291678965092,""unknown_action_count"":0}","{""known"":0,""not_attempted_or_missing_action_count"":0,""status"":""not_applicable"",""total"":0,""unknown_action_count"":0}",11.303337290883064,11.303337290883064,0,2.4813348427414894,2.4813348427414894,0,334776,334776,0,5338,5338,0
m15-fb-confirmatory-48-f2-10,f2_temporal_path_control,crossfit_seen_family,False,fixed_bind,6,6,6,"{""completed"":6}",14.655458740890026,"{""balanced-00"":17.602792009711266,""balanced-01"":14.583500102162361,""balanced-02"":15.489334240555763,""balanced-03"":14.727417379617691,""balanced-04"":12.335208244621754,""balanced-05"":13.98875005543232}",{},0,"{""known"":12,""not_attempted_or_missing_action_count"":0,""status"":""complete"",""total"":12,""unknown_action_count"":0}","{""known"":0,""not_attempted_or_missing_action_count"":0,""status"":""not_applicable"",""total"":0,""unknown_action_count"":0}","{""known"":149064,""not_attempted_or_missing_action_count"":0,""status"":""complete"",""total"":149064,""unknown_action_count"":0}","{""known"":0,""not_attempted_or_missing_action_count"":0,""status"":""not_applicable"",""total"":0,""unknown_action_count"":0}","{""known"":72.9129584506154,""not_attempted_or_missing_action_count"":0,""status"":""complete"",""total"":72.9129584506154,""unknown_action_count"":0}","{""known"":0,""not_attempted_or_missing_action_count"":0,""status"":""not_applicable"",""total"":0,""unknown_action_count"":0}","{""known"":76.42662432044744,""not_attempted_or_missing_action_count"":0,""status"":""complete"",""total"":76.42662432044744,""unknown_action_count"":0}","{""known"":0,""not_attempted_or_missing_action_count"":0,""status"":""not_applicable"",""total"":0,""unknown_action_count"":0}",11.960495263338089,11.960495263338089,0,2.2419150918722153,2.2419150918722153,0,324221,324221,0,5446,5446,0
m15-fb-confirmatory-48-f2-10,f2_temporal_path_control,crossfit_seen_family,False,paid_selection,6,6,6,"{""completed"":6}",33.83489651605487,"{""balanced-00"":136.61558367311954,""balanced-01"":33.807375468313694,""balanced-02"":33.86241756379604,""balanced-03"":35.34345794469118,""balanced-04"":33.16558338701725,""balanced-05"":33.434124663472176}","{""path_first_hash"":6}",0,"{""known"":36,""not_attempted_or_missing_action_count"":0,""status"":""complete"",""total"":36,""unknown_action_count"":0}","{""known"":24,""not_attempted_or_missing_action_count"":0,""status"":""complete"",""total"":24,""unknown_action_count"":0}","{""known"":458352,""not_attempted_or_missing_action_count"":0,""status"":""complete"",""total"":458352,""unknown_action_count"":0}","{""known"":303708,""not_attempted_or_missing_action_count"":0,""status"":""complete"",""total"":303708,""unknown_action_count"":0}","{""known"":261.526414193213,""not_attempted_or_missing_action_count"":0,""status"":""complete"",""total"":261.526414193213,""unknown_action_count"":0}","{""known"":212.99999859184027,""not_attempted_or_missing_action_count"":0,""status"":""complete"",""total"":212.99999859184027,""unknown_action_count"":0}","{""known"":271.91654220223427,""not_attempted_or_missing_action_count"":0,""status"":""complete"",""total"":271.91654220223427,""unknown_action_count"":0}","{""known"":220.12029215693474,""not_attempted_or_missing_action_count"":0,""status"":""complete"",""total"":220.12029215693474,""unknown_action_count"":0}",33.3570409566164,33.3570409566164,0,2.330956980586052,2.330956980586052,0,1036440,1036440,0,13466,13466,0
m15-fb-confirmatory-48-f2-11,f2_temporal_path_control,crossfit_seen_family,False,fixed_hash,6,6,6,"{""completed"":6}",11.257416568696499,"{""balanced-00"":11.61104068160057,""balanced-01"":15.627000480890274,""balanced-02"":10.56445762515068,""balanced-03"":11.744833551347256,""balanced-04"":9.474417194724083,""balanced-05"":10.903792455792427}",{},0,"{""known"":12,""not_attempted_or_missing_action_count"":0,""status"":""complete"",""total"":12,""unknown_action_count"":0}","{""known"":0,""not_attempted_or_missing_action_count"":0,""status"":""not_applicable"",""total"":0,""unknown_action_count"":0}","{""known"":149568,""not_attempted_or_missing_action_count"":0,""status"":""complete"",""total"":149568,""unknown_action_count"":0}","{""known"":0,""not_attempted_or_missing_action_count"":0,""status"":""not_applicable"",""total"":0,""unknown_action_count"":0}","{""known"":54.15974836796522,""not_attempted_or_missing_action_count"":0,""status"":""complete"",""total"":54.15974836796522,""unknown_action_count"":0}","{""known"":0,""not_attempted_or_missing_action_count"":0,""status"":""not_applicable"",""total"":0,""unknown_action_count"":0}","{""known"":57.63512663543224,""not_attempted_or_missing_action_count"":0,""status"":""complete"",""total"":57.63512663543224,""unknown_action_count"":0}","{""known"":0,""not_attempted_or_missing_action_count"":0,""status"":""not_applicable"",""total"":0,""unknown_action_count"":0}",11.93191483616829,11.93191483616829,0,2.4109994992613792,2.4109994992613792,0,324590,324590,0,5337,5337,0
m15-fb-confirmatory-48-f2-11,f2_temporal_path_control,crossfit_seen_family,False,fixed_bind,6,6,6,"{""completed"":6}",12.86720810458064,"{""balanced-00"":16.539666801691055,""balanced-01"":13.848749920725822,""balanced-02"":13.305624946951866,""balanced-03"":12.428791262209415,""balanced-04"":11.685832403600216,""balanced-05"":12.426416389644146}",{},0,"{""known"":12,""not_attempted_or_missing_action_count"":0,""status"":""complete"",""total"":12,""unknown_action_count"":0}","{""known"":0,""not_attempted_or_missing_action_count"":0,""status"":""not_applicable"",""total"":0,""unknown_action_count"":0}","{""known"":149064,""not_attempted_or_missing_action_count"":0,""status"":""complete"",""total"":149064,""unknown_action_count"":0}","{""known"":0,""not_attempted_or_missing_action_count"":0,""status"":""not_applicable"",""total"":0,""unknown_action_count"":0}","{""known"":65.27716852724552,""not_attempted_or_missing_action_count"":0,""status"":""complete"",""total"":65.27716852724552,""unknown_action_count"":0}","{""known"":0,""not_attempted_or_missing_action_count"":0,""status"":""not_applicable"",""total"":0,""unknown_action_count"":0}","{""known"":68.62137746065855,""not_attempted_or_missing_action_count"":0,""status"":""complete"",""total"":68.62137746065855,""unknown_action_count"":0}","{""known"":0,""not_attempted_or_missing_action_count"":0,""status"":""not_applicable"",""total"":0,""unknown_action_count"":0}",11.287831701338291,11.287831701338291,0,2.33458261936903,2.33458261936903,0,324220,324220,0,5448,5448,0
m15-fb-confirmatory-48-f2-11,f2_temporal_path_control,crossfit_seen_family,False,paid_selection,6,6,6,"{""completed"":6}",33.28147903084755,"{""balanced-00"":39.05687481164932,""balanced-01"":33.12945831567049,""balanced-02"":37.1566666290164,""balanced-03"":32.721417024731636,""balanced-04"":31.003333628177643,""balanced-05"":33.43349974602461}","{""path_first_hash"":6}",0,"{""known"":36,""not_attempted_or_missing_action_count"":0,""status"":""complete"",""total"":36,""unknown_action_count"":0}","{""known"":24,""not_attempted_or_missing_action_count"":0,""status"":""complete"",""total"":24,""unknown_action_count"":0}","{""known"":448200,""not_attempted_or_missing_action_count"":0,""status"":""complete"",""total"":448200,""unknown_action_count"":0}","{""known"":298632,""not_attempted_or_missing_action_count"":0,""status"":""complete"",""total"":298632,""unknown_action_count"":0}","{""known"":162.59021032601595,""not_attempted_or_missing_action_count"":0,""status"":""complete"",""total"":162.59021032601595,""unknown_action_count"":0}","{""known"":115.77966902405024,""not_attempted_or_missing_action_count"":0,""status"":""complete"",""total"":115.77966902405024,""unknown_action_count"":0}","{""known"":172.58037813007832,""not_attempted_or_missing_action_count"":0,""status"":""complete"",""total"":172.58037813007832,""unknown_action_count"":0}","{""known"":122.41271138191223,""not_attempted_or_missing_action_count"":0,""status"":""complete"",""total"":122.41271138191223,""unknown_action_count"":0}",33.01999997347593,33.01999997347593,0,2.4601249024271965,2.4601249024271965,0,1016052,1016052,0,13465,13465,0
m15-fb-confirmatory-48-f2-12,f2_temporal_path_control,crossfit_seen_family,False,fixed_hash,6,6,6,"{""completed"":6}",10.202978737652302,"{""balanced-00"":11.557874269783497,""balanced-01"":10.235916823148727,""balanced-02"":9.728416800498962,""balanced-03"":10.170040652155876,""balanced-04"":9.809166193008423,""balanced-05"":10.700167156755924}",{},0,"{""known"":12,""not_attempted_or_missing_action_count"":0,""status"":""complete"",""total"":12,""unknown_action_count"":0}","{""known"":0,""not_attempted_or_missing_action_count"":0,""status"":""not_applicable"",""total"":0,""unknown_action_count"":0}","{""known"":150066,""not_attempted_or_missing_action_count"":0,""status"":""complete"",""total"":150066,""unknown_action_count"":0}","{""known"":0,""not_attempted_or_missing_action_count"":0,""status"":""not_applicable"",""total"":0,""unknown_action_count"":0}","{""known"":47.46679030358791,""not_attempted_or_missing_action_count"":0,""status"":""complete"",""total"":47.46679030358791,""unknown_action_count"":0}","{""known"":0,""not_attempted_or_missing_action_count"":0,""status"":""not_applicable"",""total"":0,""unknown_action_count"":0}","{""known"":50.77653843909502,""not_attempted_or_missing_action_count"":0,""status"":""complete"",""total"":50.77653843909502,""unknown_action_count"":0}","{""known"":0,""not_attempted_or_missing_action_count"":0,""status"":""not_applicable"",""total"":0,""unknown_action_count"":0}",11.117624118924141,11.117624118924141,0,2.248832955956459,2.248832955956459,0,325594,325594,0,5338,5338,0
m15-fb-confirmatory-48-f2-12,f2_temporal_path_control,crossfit_seen_family,False,fixed_bind,6,6,6,"{""completed"":6}",12.88272999227047,"{""balanced-00"":17.18816626816988,""balanced-01"":13.008334673941135,""balanced-02"":12.729249894618988,""balanced-03"":12.757125310599804,""balanced-04"":12.22237478941679,""balanced-05"":14.605958014726639}",{},0,"{""known"":12,""not_attempted_or_missing_action_count"":0,""status"":""complete"",""total"":12,""unknown_action_count"":0}","{""known"":0,""not_attempted_or_missing_action_count"":0,""status"":""not_applicable"",""total"":0,""unknown_action_count"":0}","{""known"":149064,""not_attempted_or_missing_action_count"":0,""status"":""complete"",""total"":149064,""unknown_action_count"":0}","{""known"":0,""not_attempted_or_missing_action_count"":0,""status"":""not_applicable"",""total"":0,""unknown_action_count"":0}","{""known"":67.06429272890091,""not_attempted_or_missing_action_count"":0,""status"":""complete"",""total"":67.06429272890091,""unknown_action_count"":0}","{""known"":0,""not_attempted_or_missing_action_count"":0,""status"":""not_applicable"",""total"":0,""unknown_action_count"":0}","{""known"":70.83541713654995,""not_attempted_or_missing_action_count"":0,""status"":""complete"",""total"":70.83541713654995,""unknown_action_count"":0}","{""known"":0,""not_attempted_or_missing_action_count"":0,""status"":""not_applicable"",""total"":0,""unknown_action_count"":0}",11.34537998586893,11.34537998586893,0,2.493751235306263,2.493751235306263,0,324227,324227,0,5446,5446,0
m15-fb-confirmatory-48-f2-12,f2_temporal_path_control,crossfit_seen_family,False,paid_selection,6,6,6,"{""completed"":6}",34.21537484973669,"{""balanced-00"":37.30033338069916,""balanced-01"":35.35300027579069,""balanced-02"":32.85929188132286,""balanced-03"":34.2612499371171,""balanced-04"":31.000958755612373,""balanced-05"":34.16949976235628}","{""path_first_hash"":6}",0,"{""known"":36,""not_attempted_or_missing_action_count"":0,""status"":""complete"",""total"":36,""unknown_action_count"":0}","{""known"":24,""not_attempted_or_missing_action_count"":0,""status"":""complete"",""total"":24,""unknown_action_count"":0}","{""known"":449196,""not_attempted_or_missing_action_count"":0,""status"":""complete"",""total"":449196,""unknown_action_count"":0}","{""known"":299130,""not_attempted_or_missing_action_count"":0,""status"":""complete"",""total"":299130,""unknown_action_count"":0}","{""known"":161.83795873075724,""not_attempted_or_missing_action_count"":0,""status"":""complete"",""total"":161.83795873075724,""unknown_action_count"":0}","{""known"":115.03675114363432,""not_attempted_or_missing_action_count"":0,""status"":""complete"",""total"":115.03675114363432,""unknown_action_count"":0}","{""known"":171.9346260651946,""not_attempted_or_missing_action_count"":0,""status"":""complete"",""total"":171.9346260651946,""unknown_action_count"":0}","{""known"":121.7092489823699,""not_attempted_or_missing_action_count"":0,""status"":""complete"",""total"":121.7092489823699,""unknown_action_count"":0}",32.1460384875536,32.1460384875536,0,2.493167296051979,2.493167296051979,0,1018100,1018100,0,13464,13464,0
m15-fb-confirmatory-48-f2-13,f2_temporal_path_control,crossfit_seen_family,False,fixed_hash,6,6,6,"{""completed"":6}",10.646166279911995,"{""balanced-00"":10.846000164747238,""balanced-01"":10.566040873527527,""balanced-02"":11.489083990454674,""balanced-03"":10.726291686296463,""balanced-04"":10.157125070691109,""balanced-05"":9.873041883111}",{},0,"{""known"":12,""not_attempted_or_missing_action_count"":0,""status"":""complete"",""total"":12,""unknown_action_count"":0}","{""known"":0,""not_attempted_or_missing_action_count"":0,""status"":""not_applicable"",""total"":0,""unknown_action_count"":0}","{""known"":158202,""not_attempted_or_missing_action_count"":0,""status"":""complete"",""total"":158202,""unknown_action_count"":0}","{""known"":0,""not_attempted_or_missing_action_count"":0,""status"":""not_applicable"",""total"":0,""unknown_action_count"":0}","{""known"":48.37666638195515,""not_attempted_or_missing_action_count"":0,""status"":""complete"",""total"":48.37666638195515,""unknown_action_count"":0}","{""known"":0,""not_attempted_or_missing_action_count"":0,""status"":""not_applicable"",""total"":0,""unknown_action_count"":0}","{""known"":51.88254080712795,""not_attempted_or_missing_action_count"":0,""status"":""complete"",""total"":51.88254080712795,""unknown_action_count"":0}","{""known"":0,""not_attempted_or_missing_action_count"":0,""status"":""not_applicable"",""total"":0,""unknown_action_count"":0}",11.446084827184677,11.446084827184677,0,2.156626433134079,2.156626433134079,0,344465,344465,0,5335,5335,0
m15-fb-confirmatory-48-f2-13,f2_temporal_path_control,crossfit_seen_family,False,fixed_bind,6,6,6,"{""completed"":6}",14.354041777551174,"{""balanced-00"":15.203875489532948,""balanced-01"":13.185624964535236,""balanced-02"":14.133749529719353,""balanced-03"":25.85766650736332,""balanced-04"":14.39487561583519,""balanced-05"":14.313207939267159}",{},0,"{""known"":12,""not_attempted_or_missing_action_count"":0,""status"":""complete"",""total"":12,""unknown_action_count"":0}","{""known"":0,""not_attempted_or_missing_action_count"":0,""status"":""not_applicable"",""total"":0,""unknown_action_count"":0}","{""known"":149568,""not_attempted_or_missing_action_count"":0,""status"":""complete"",""total"":149568,""unknown_action_count"":0}","{""known"":0,""not_attempted_or_missing_action_count"":0,""status"":""not_applicable"",""total"":0,""unknown_action_count"":0}","{""known"":73.5015431419015,""not_attempted_or_missing_action_count"":0,""status"":""complete"",""total"":73.5015431419015,""unknown_action_count"":0}","{""known"":0,""not_attempted_or_missing_action_count"":0,""status"":""not_applicable"",""total"":0,""unknown_action_count"":0}","{""known"":76.83720625936985,""not_attempted_or_missing_action_count"":0,""status"":""complete"",""total"":76.83720625936985,""unknown_action_count"":0}","{""known"":0,""not_attempted_or_missing_action_count"":0,""status"":""not_applicable"",""total"":0,""unknown_action_count"":0}",19.914747215807438,19.914747215807438,0,4.531499929726124,4.531499929726124,0,327812,327812,0,5445,5445,0
m15-fb-confirmatory-48-f2-13,f2_temporal_path_control,crossfit_seen_family,False,paid_selection,6,6,6,"{""completed"":6}",35.49835458397865,"{""balanced-00"":37.21991740167141,""balanced-01"":37.520707584917545,""balanced-02"":37.469000555574894,""balanced-03"":33.776791766285896,""balanced-04"":32.94412512332201,""balanced-05"":33.07337500154972}","{""path_first_hash"":6}",0,"{""known"":36,""not_attempted_or_missing_action_count"":0,""status"":""complete"",""total"":36,""unknown_action_count"":0}","{""known"":24,""not_attempted_or_missing_action_count"":0,""status"":""complete"",""total"":24,""unknown_action_count"":0}","{""known"":465972,""not_attempted_or_missing_action_count"":0,""status"":""complete"",""total"":465972,""unknown_action_count"":0}","{""known"":307770,""not_attempted_or_missing_action_count"":0,""status"":""complete"",""total"":307770,""unknown_action_count"":0}","{""known"":163.90770860016346,""not_attempted_or_missing_action_count"":0,""status"":""complete"",""total"":163.90770860016346,""unknown_action_count"":0}","{""known"":116.95216782391071,""not_attempted_or_missing_action_count"":0,""status"":""complete"",""total"":116.95216782391071,""unknown_action_count"":0}","{""known"":174.44616463035345,""not_attempted_or_missing_action_count"":0,""status"":""complete"",""total"":174.44616463035345,""unknown_action_count"":0}","{""known"":124.14399906992912,""not_attempted_or_missing_action_count"":0,""status"":""complete"",""total"":124.14399906992912,""unknown_action_count"":0}",36.593337543308735,36.593337543308735,0,2.350250259041786,2.350250259041786,0,1059421,1059421,0,13466,13466,0
m15-fb-confirmatory-48-f2-14,f2_temporal_path_control,crossfit_seen_family,False,fixed_hash,6,6,6,"{""completed"":6}",10.40093693882227,"{""balanced-00"":10.346957482397556,""balanced-01"":10.454916395246983,""balanced-02"":11.286416091024876,""balanced-03"":10.458624921739101,""balanced-04"":10.149584151804447,""balanced-05"":9.485708549618721}",{},0,"{""known"":12,""not_attempted_or_missing_action_count"":0,""status"":""complete"",""total"":12,""unknown_action_count"":0}","{""known"":0,""not_attempted_or_missing_action_count"":0,""status"":""not_applicable"",""total"":0,""unknown_action_count"":0}","{""known"":154146,""not_attempted_or_missing_action_count"":0,""status"":""complete"",""total"":154146,""unknown_action_count"":0}","{""known"":0,""not_attempted_or_missing_action_count"":0,""status"":""not_applicable"",""total"":0,""unknown_action_count"":0}","{""known"":46.73395771533251,""not_attempted_or_missing_action_count"":0,""status"":""complete"",""total"":46.73395771533251,""unknown_action_count"":0}","{""known"":0,""not_attempted_or_missing_action_count"":0,""status"":""not_applicable"",""total"":0,""unknown_action_count"":0}","{""known"":50.126248970627785,""not_attempted_or_missing_action_count"":0,""status"":""complete"",""total"":50.126248970627785,""unknown_action_count"":0}","{""known"":0,""not_attempted_or_missing_action_count"":0,""status"":""not_applicable"",""total"":0,""unknown_action_count"":0}",11.707996018230915,11.707996018230915,0,2.3597897961735725,2.3597897961735725,0,333773,333773,0,5338,5338,0
m15-fb-confirmatory-48-f2-14,f2_temporal_path_control,crossfit_seen_family,False,fixed_bind,6,6,6,"{""completed"":6}",14.887937810271978,"{""balanced-00"":14.71683382987976,""balanced-01"":13.620874844491482,""balanced-02"":16.067957505583763,""balanced-03"":15.059041790664196,""balanced-04"":15.972999855875969,""balanced-05"":12.941957451403141}",{},0,"{""known"":12,""not_attempted_or_missing_action_count"":0,""status"":""complete"",""total"":12,""unknown_action_count"":0}","{""known"":0,""not_attempted_or_missing_action_count"":0,""status"":""not_applicable"",""total"":0,""unknown_action_count"":0}","{""known"":149064,""not_attempted_or_missing_action_count"":0,""status"":""complete"",""total"":149064,""unknown_action_count"":0}","{""known"":0,""not_attempted_or_missing_action_count"":0,""status"":""not_applicable"",""total"":0,""unknown_action_count"":0}","{""known"":73.28354194760323,""not_attempted_or_missing_action_count"":0,""status"":""complete"",""total"":73.28354194760323,""unknown_action_count"":0}","{""known"":0,""not_attempted_or_missing_action_count"":0,""status"":""not_applicable"",""total"":0,""unknown_action_count"":0}","{""known"":76.69933326542377,""not_attempted_or_missing_action_count"":0,""status"":""complete"",""total"":76.69933326542377,""unknown_action_count"":0}","{""known"":0,""not_attempted_or_missing_action_count"":0,""status"":""not_applicable"",""total"":0,""unknown_action_count"":0}",11.345083825290203,11.345083825290203,0,2.2743763402104378,2.2743763402104378,0,324219,324219,0,5446,5446,0
m15-fb-confirmatory-48-f2-14,f2_temporal_path_control,crossfit_seen_family,False,paid_selection,6,6,6,"{""completed"":6}",35.29620869085193,"{""balanced-00"":35.932499915361404,""balanced-01"":36.764416843652725,""balanced-02"":36.336458288133144,""balanced-03"":32.88604132831097,""balanced-04"":34.65991746634245,""balanced-05"":33.54333247989416}","{""path_first_hash"":6}",0,"{""known"":36,""not_attempted_or_missing_action_count"":0,""status"":""complete"",""total"":36,""unknown_action_count"":0}","{""known"":24,""not_attempted_or_missing_action_count"":0,""status"":""complete"",""total"":24,""unknown_action_count"":0}","{""known"":457356,""not_attempted_or_missing_action_count"":0,""status"":""complete"",""total"":457356,""unknown_action_count"":0}","{""known"":303210,""not_attempted_or_missing_action_count"":0,""status"":""complete"",""total"":303210,""unknown_action_count"":0}","{""known"":162.59916685521603,""not_attempted_or_missing_action_count"":0,""status"":""complete"",""total"":162.59916685521603,""unknown_action_count"":0}","{""known"":113.52216824889183,""not_attempted_or_missing_action_count"":0,""status"":""complete"",""total"":113.52216824889183,""unknown_action_count"":0}","{""known"":172.86415956914425,""not_attempted_or_missing_action_count"":0,""status"":""complete"",""total"":172.86415956914425,""unknown_action_count"":0}","{""known"":120.3240780159831,""not_attempted_or_missing_action_count"":0,""status"":""complete"",""total"":120.3240780159831,""unknown_action_count"":0}",36.22682858258486,36.22682858258486,0,2.681335434317589,2.681335434317589,0,1034436,1034436,0,13466,13466,0
m15-fb-confirmatory-48-f2-15,f2_temporal_path_control,crossfit_seen_family,False,fixed_hash,6,6,6,"{""completed"":6}",10.756520554423332,"{""balanced-00"":10.431417264044285,""balanced-01"":12.318375520408154,""balanced-02"":10.453457944095135,""balanced-03"":10.06037462502718,""balanced-04"":11.05958316475153,""balanced-05"":12.535584159195423}",{},0,"{""known"":12,""not_attempted_or_missing_action_count"":0,""status"":""complete"",""total"":12,""unknown_action_count"":0}","{""known"":0,""not_attempted_or_missing_action_count"":0,""status"":""not_applicable"",""total"":0,""unknown_action_count"":0}","{""known"":154038,""not_attempted_or_missing_action_count"":0,""status"":""complete"",""total"":154038,""unknown_action_count"":0}","{""known"":0,""not_attempted_or_missing_action_count"":0,""status"":""not_applicable"",""total"":0,""unknown_action_count"":0}","{""known"":51.308875903487206,""not_attempted_or_missing_action_count"":0,""status"":""complete"",""total"":51.308875903487206,""unknown_action_count"":0}","{""known"":0,""not_attempted_or_missing_action_count"":0,""status"":""not_applicable"",""total"":0,""unknown_action_count"":0}","{""known"":54.771456867456436,""not_attempted_or_missing_action_count"":0,""status"":""complete"",""total"":54.771456867456436,""unknown_action_count"":0}","{""known"":0,""not_attempted_or_missing_action_count"":0,""status"":""not_applicable"",""total"":0,""unknown_action_count"":0}",11.668497696518898,11.668497696518898,0,2.672751434147358,2.672751434147358,0,336088,336088,0,5338,5338,0
m15-fb-confirmatory-48-f2-15,f2_temporal_path_control,crossfit_seen_family,False,fixed_bind,6,6,6,"{""completed"":6}",14.585562516003847,"{""balanced-00"":15.321957878768444,""balanced-01"":15.498833730816841,""balanced-02"":13.750041835010052,""balanced-03"":12.759707868099213,""balanced-04"":14.664292335510254,""balanced-05"":14.50683269649744}",{},0,"{""known"":12,""not_attempted_or_missing_action_count"":0,""status"":""complete"",""total"":12,""unknown_action_count"":0}","{""known"":0,""not_attempted_or_missing_action_count"":0,""status"":""not_applicable"",""total"":0,""unknown_action_count"":0}","{""known"":149568,""not_attempted_or_missing_action_count"":0,""status"":""complete"",""total"":149568,""unknown_action_count"":0}","{""known"":0,""not_attempted_or_missing_action_count"":0,""status"":""not_applicable"",""total"":0,""unknown_action_count"":0}","{""known"":70.64120844006538,""not_attempted_or_missing_action_count"":0,""status"":""complete"",""total"":70.64120844006538,""unknown_action_count"":0}","{""known"":0,""not_attempted_or_missing_action_count"":0,""status"":""not_applicable"",""total"":0,""unknown_action_count"":0}","{""known"":74.2076663300395,""not_attempted_or_missing_action_count"":0,""status"":""complete"",""total"":74.2076663300395,""unknown_action_count"":0}","{""known"":0,""not_attempted_or_missing_action_count"":0,""status"":""not_applicable"",""total"":0,""unknown_action_count"":0}",11.874127201735973,11.874127201735973,0,2.5242911651730537,2.5242911651730537,0,327791,327791,0,5447,5447,0
m15-fb-confirmatory-48-f2-15,f2_temporal_path_control,crossfit_seen_family,False,paid_selection,6,6,6,"{""completed"":6}",36.00158356130123,"{""balanced-00"":36.28129232674837,""balanced-01"":40.53041711449623,""balanced-02"":35.059332847595215,""balanced-03"":32.15158358216286,""balanced-04"":40.326124988496304,""balanced-05"":35.72187479585409}","{""path_first_hash"":6}",0,"{""known"":36,""not_attempted_or_missing_action_count"":0,""status"":""complete"",""total"":36,""unknown_action_count"":0}","{""known"":24,""not_attempted_or_missing_action_count"":0,""status"":""complete"",""total"":24,""unknown_action_count"":0}","{""known"":457644,""not_attempted_or_missing_action_count"":0,""status"":""complete"",""total"":457644,""unknown_action_count"":0}","{""known"":303606,""not_attempted_or_missing_action_count"":0,""status"":""complete"",""total"":303606,""unknown_action_count"":0}","{""known"":173.04424662142992,""not_attempted_or_missing_action_count"":0,""status"":""complete"",""total"":173.04424662142992,""unknown_action_count"":0}","{""known"":123.44133201986551,""not_attempted_or_missing_action_count"":0,""status"":""complete"",""total"":123.44133201986551,""unknown_action_count"":0}","{""known"":183.60075168311596,""not_attempted_or_missing_action_count"":0,""status"":""complete"",""total"":183.60075168311596,""unknown_action_count"":0}","{""known"":130.54700195789337,""not_attempted_or_missing_action_count"":0,""status"":""complete"",""total"":130.54700195789337,""unknown_action_count"":0}",35.426706075668335,35.426706075668335,0,2.507832832634449,2.507832832634449,0,1042640,1042640,0,13466,13466,0
m15-fb-confirmatory-48-f2-16,f2_temporal_path_control,crossfit_seen_family,False,fixed_hash,6,6,6,"{""completed"":6}",10.620958171784878,"{""balanced-00"":12.933917343616486,""balanced-01"":11.035958305001259,""balanced-02"":10.885708034038544,""balanced-03"":10.356208309531212,""balanced-04"":10.073792189359665,""balanced-05"":9.984457865357399}",{},0,"{""known"":12,""not_attempted_or_missing_action_count"":0,""status"":""complete"",""total"":12,""unknown_action_count"":0}","{""known"":0,""not_attempted_or_missing_action_count"":0,""status"":""not_applicable"",""total"":0,""unknown_action_count"":0}","{""known"":156174,""not_attempted_or_missing_action_count"":0,""status"":""complete"",""total"":156174,""unknown_action_count"":0}","{""known"":0,""not_attempted_or_missing_action_count"":0,""status"":""not_applicable"",""total"":0,""unknown_action_count"":0}","{""known"":49.624000675976276,""not_attempted_or_missing_action_count"":0,""status"":""complete"",""total"":49.624000675976276,""unknown_action_count"":0}","{""known"":0,""not_attempted_or_missing_action_count"":0,""status"":""not_applicable"",""total"":0,""unknown_action_count"":0}","{""known"":53.18575166165829,""not_attempted_or_missing_action_count"":0,""status"":""complete"",""total"":53.18575166165829,""unknown_action_count"":0}","{""known"":0,""not_attempted_or_missing_action_count"":0,""status"":""not_applicable"",""total"":0,""unknown_action_count"":0}",11.652207002043724,11.652207002043724,0,2.4122092872858047,2.4122092872858047,0,340412,340412,0,5338,5338,0
m15-fb-confirmatory-48-f2-16,f2_temporal_path_control,crossfit_seen_family,False,fixed_bind,6,6,6,"{""completed"":6}",14.08047927543521,"{""balanced-00"":17.85820908844471,""balanced-01"":16.068125143647194,""balanced-02"":14.774749986827374,""balanced-03"":12.880666181445122,""balanced-04"":13.386208564043045,""balanced-05"":12.212499976158142}",{},0,"{""known"":12,""not_attempted_or_missing_action_count"":0,""status"":""complete"",""total"":12,""unknown_action_count"":0}","{""known"":0,""not_attempted_or_missing_action_count"":0,""status"":""not_applicable"",""total"":0,""unknown_action_count"":0}","{""known"":149568,""not_attempted_or_missing_action_count"":0,""status"":""complete"",""total"":149568,""unknown_action_count"":0}","{""known"":0,""not_attempted_or_missing_action_count"":0,""status"":""not_applicable"",""total"":0,""unknown_action_count"":0}","{""known"":72.17204105108976,""not_attempted_or_missing_action_count"":0,""status"":""complete"",""total"":72.17204105108976,""unknown_action_count"":0}","{""known"":0,""not_attempted_or_missing_action_count"":0,""status"":""not_applicable"",""total"":0,""unknown_action_count"":0}","{""known"":75.64712408930063,""not_attempted_or_missing_action_count"":0,""status"":""complete"",""total"":75.64712408930063,""unknown_action_count"":0}","{""known"":0,""not_attempted_or_missing_action_count"":0,""status"":""not_applicable"",""total"":0,""unknown_action_count"":0}",11.182169429957867,11.182169429957867,0,2.2152913734316826,2.2152913734316826,0,327817,327817,0,5446,5446,0
m15-fb-confirmatory-48-f2-16,f2_temporal_path_control,crossfit_seen_family,False,paid_selection,6,6,6,"{""completed"":6}",34.0466876514256,"{""balanced-00"":44.85750012099743,""balanced-01"":34.923166036605835,""balanced-02"":33.68183318525553,""balanced-03"":32.89954271167517,""balanced-04"":34.41154211759567,""balanced-05"":31.929083168506622}","{""path_first_hash"":6}",0,"{""known"":36,""not_attempted_or_missing_action_count"":0,""status"":""complete"",""total"":36,""unknown_action_count"":0}","{""known"":24,""not_attempted_or_missing_action_count"":0,""status"":""complete"",""total"":24,""unknown_action_count"":0}","{""known"":461916,""not_attempted_or_missing_action_count"":0,""status"":""complete"",""total"":461916,""unknown_action_count"":0}","{""known"":305742,""not_attempted_or_missing_action_count"":0,""status"":""complete"",""total"":305742,""unknown_action_count"":0}","{""known"":168.54675114154816,""not_attempted_or_missing_action_count"":0,""status"":""complete"",""total"":168.54675114154816,""unknown_action_count"":0}","{""known"":121.05612549930811,""not_attempted_or_missing_action_count"":0,""status"":""complete"",""total"":121.05612549930811,""unknown_action_count"":0}","{""known"":178.91083285212517,""not_attempted_or_missing_action_count"":0,""status"":""complete"",""total"":178.91083285212517,""unknown_action_count"":0}","{""known"":127.96829175204039,""not_attempted_or_missing_action_count"":0,""status"":""complete"",""total"":127.96829175204039,""unknown_action_count"":0}",32.870544120669365,32.870544120669365,0,2.322208136320114,2.322208136320114,0,1051301,1051301,0,13465,13465,0
m15-fb-confirmatory-48-f3-01,f3_aggregate_risk_ranking,heldout_family,True,fixed_hash,6,6,6,"{""completed"":6}",95.59018723666668,"{""balanced-00"":81.39245864003897,""balanced-01"":85.83833370357752,""balanced-02"":84.8909579217434,""balanced-03"":113.23566548526287,""balanced-04"":119.64770779013634,""balanced-05"":105.34204076975584}",{},0,"{""known"":12,""not_attempted_or_missing_action_count"":0,""status"":""complete"",""total"":12,""unknown_action_count"":0}","{""known"":0,""not_attempted_or_missing_action_count"":0,""status"":""not_applicable"",""total"":0,""unknown_action_count"":0}","{""known"":1499844,""not_attempted_or_missing_action_count"":0,""status"":""complete"",""total"":1499844,""unknown_action_count"":0}","{""known"":0,""not_attempted_or_missing_action_count"":0,""status"":""not_applicable"",""total"":0,""unknown_action_count"":0}","{""known"":499.8433319851756,""not_attempted_or_missing_action_count"":0,""status"":""complete"",""total"":499.8433319851756,""unknown_action_count"":0}","{""known"":0,""not_attempted_or_missing_action_count"":0,""status"":""not_applicable"",""total"":0,""unknown_action_count"":0}","{""known"":539.9257093667984,""not_attempted_or_missing_action_count"":0,""status"":""complete"",""total"":539.9257093667984,""unknown_action_count"":0}","{""known"":0,""not_attempted_or_missing_action_count"":0,""status"":""not_applicable"",""total"":0,""unknown_action_count"":0}",48.868331126868725,48.868331126868725,0,2.7935421094298363,2.7935421094298363,0,3351446,3351446,0,5407,5407,0
m15-fb-confirmatory-48-f3-01,f3_aggregate_risk_ranking,heldout_family,True,fixed_bind,6,6,6,"{""completed"":6}",35.21018708124757,"{""balanced-00"":34.40249990671873,""balanced-01"":35.381125286221504,""balanced-02"":35.16008332371712,""balanced-03"":35.26029083877802,""balanced-04"":37.095166742801666,""balanced-05"":28.21954246610403}",{},0,"{""known"":12,""not_attempted_or_missing_action_count"":0,""status"":""complete"",""total"":12,""unknown_action_count"":0}","{""known"":0,""not_attempted_or_missing_action_count"":0,""status"":""not_applicable"",""total"":0,""unknown_action_count"":0}","{""known"":215016,""not_attempted_or_missing_action_count"":0,""status"":""complete"",""total"":215016,""unknown_action_count"":0}","{""known"":0,""not_attempted_or_missing_action_count"":0,""status"":""not_applicable"",""total"":0,""unknown_action_count"":0}","{""known"":185.27466617524624,""not_attempted_or_missing_action_count"":0,""status"":""complete"",""total"":185.27466617524624,""unknown_action_count"":0}","{""known"":0,""not_attempted_or_missing_action_count"":0,""status"":""not_applicable"",""total"":0,""unknown_action_count"":0}","{""known"":191.09708163887262,""not_attempted_or_missing_action_count"":0,""status"":""complete"",""total"":191.09708163887262,""unknown_action_count"":0}","{""known"":0,""not_attempted_or_missing_action_count"":0,""status"":""not_applicable"",""total"":0,""unknown_action_count"":0}",13.71791772544384,13.71791772544384,0,2.730749547481537,2.730749547481537,0,470336,470336,0,5503,5503,0
m15-fb-confirmatory-48-f3-01,f3_aggregate_risk_ranking,heldout_family,True,paid_selection,6,6,6,"{""completed"":6}",169.88058341667056,"{""balanced-00"":191.50870852172375,""balanced-01"":167.73150023072958,""balanced-02"":172.02966660261154,""balanced-03"":186.0581673681736,""balanced-04"":149.79354199022055,""balanced-05"":161.1618334427476}","{""control_first_bound_aggregate"":6}",0,"{""known"":36,""not_attempted_or_missing_action_count"":0,""status"":""complete"",""total"":36,""unknown_action_count"":0}","{""known"":24,""not_attempted_or_missing_action_count"":0,""status"":""complete"",""total"":24,""unknown_action_count"":0}","{""known"":1929876,""not_attempted_or_missing_action_count"":0,""status"":""complete"",""total"":1929876,""unknown_action_count"":0}","{""known"":1714860,""not_attempted_or_missing_action_count"":0,""status"":""complete"",""total"":1714860,""unknown_action_count"":0}","{""known"":888.2120391353965,""not_attempted_or_missing_action_count"":0,""status"":""complete"",""total"":888.2120391353965,""unknown_action_count"":0}","{""known"":694.7482489049435,""not_attempted_or_missing_action_count"":0,""status"":""complete"",""total"":694.7482489049435,""unknown_action_count"":0}","{""known"":939.9537872523069,""not_attempted_or_missing_action_count"":0,""status"":""complete"",""total"":939.9537872523069,""unknown_action_count"":0}","{""known"":740.1535389944911,""not_attempted_or_missing_action_count"":0,""status"":""complete"",""total"":740.1535389944911,""unknown_action_count"":0}",84.81545839458704,84.81545839458704,0,2.5996658951044083,2.5996658951044083,0,4335693,4335693,0,13767,13767,0
m15-fb-confirmatory-48-f3-02,f3_aggregate_risk_ranking,heldout_family,False,fixed_hash,6,6,6,"{""completed"":6}",89.83729127794504,"{""balanced-00"":80.34799993038177,""balanced-01"":91.85587521642447,""balanced-02"":103.65216620266438,""balanced-03"":91.50587487965822,""balanced-04"":88.16870767623186,""balanced-05"":83.23795907199383}",{},0,"{""known"":12,""not_attempted_or_missing_action_count"":0,""status"":""complete"",""total"":12,""unknown_action_count"":0}","{""known"":0,""not_attempted_or_missing_action_count"":0,""status"":""not_applicable"",""total"":0,""unknown_action_count"":0}","{""known"":1472484,""not_attempted_or_missing_action_count"":0,""status"":""complete"",""total"":1472484,""unknown_action_count"":0}","{""known"":0,""not_attempted_or_missing_action_count"":0,""status"":""not_applicable"",""total"":0,""unknown_action_count"":0}","{""known"":461.75145730376244,""not_attempted_or_missing_action_count"":0,""status"":""complete"",""total"":461.75145730376244,""unknown_action_count"":0}","{""known"":0,""not_attempted_or_missing_action_count"":0,""status"":""not_applicable"",""total"":0,""unknown_action_count"":0}","{""known"":497.4209563806653,""not_attempted_or_missing_action_count"":0,""status"":""complete"",""total"":497.4209563806653,""unknown_action_count"":0}","{""known"":0,""not_attempted_or_missing_action_count"":0,""status"":""not_applicable"",""total"":0,""unknown_action_count"":0}",40.11612478643656,40.11612478643656,0,2.3959167301654816,2.3959167301654816,0,3282801,3282801,0,5405,5405,0
m15-fb-confirmatory-48-f3-02,f3_aggregate_risk_ranking,heldout_family,False,fixed_bind,6,6,6,"{""completed"":6}",33.54983311146498,"{""balanced-00"":31.247500330209732,""balanced-01"":33.71587488800287,""balanced-02"":33.38379133492708,""balanced-03"":45.43962515890598,""balanced-04"":28.691750019788742,""balanced-05"":35.72254255414009}",{},0,"{""known"":12,""not_attempted_or_missing_action_count"":0,""status"":""complete"",""total"":12,""unknown_action_count"":0}","{""known"":0,""not_attempted_or_missing_action_count"":0,""status"":""not_applicable"",""total"":0,""unknown_action_count"":0}","{""known"":187698,""not_attempted_or_missing_action_count"":0,""status"":""complete"",""total"":187698,""unknown_action_count"":0}","{""known"":0,""not_attempted_or_missing_action_count"":0,""status"":""not_applicable"",""total"":0,""unknown_action_count"":0}","{""known"":189.71020821481943,""not_attempted_or_missing_action_count"":0,""status"":""complete"",""total"":189.71020821481943,""unknown_action_count"":0}","{""known"":0,""not_attempted_or_missing_action_count"":0,""status"":""not_applicable"",""total"":0,""unknown_action_count"":0}","{""known"":194.89504117518663,""not_attempted_or_missing_action_count"":0,""status"":""complete"",""total"":194.89504117518663,""unknown_action_count"":0}","{""known"":0,""not_attempted_or_missing_action_count"":0,""status"":""not_applicable"",""total"":0,""unknown_action_count"":0}",12.720411643385887,12.720411643385887,0,2.276042476296425,2.276042476296425,0,415870,415870,0,5502,5502,0
m15-fb-confirmatory-48-f3-02,f3_aggregate_risk_ranking,heldout_family,False,paid_selection,6,6,6,"{""completed"":6}",156.9557711482048,"{""balanced-00"":173.08041732758284,""balanced-01"":157.0677077397704,""balanced-02"":137.63179071247578,""balanced-03"":175.59379246085882,""balanced-04"":145.99179103970528,""balanced-05"":156.8438345566392}","{""control_first_bound_aggregate"":6}",0,"{""known"":36,""not_attempted_or_missing_action_count"":0,""status"":""complete"",""total"":36,""unknown_action_count"":0}","{""known"":24,""not_attempted_or_missing_action_count"":0,""status"":""complete"",""total"":24,""unknown_action_count"":0}","{""known"":1847880,""not_attempted_or_missing_action_count"":0,""status"":""complete"",""total"":1847880,""unknown_action_count"":0}","{""known"":1660182,""not_attempted_or_missing_action_count"":0,""status"":""complete"",""total"":1660182,""unknown_action_count"":0}","{""known"":828.1514178961515,""not_attempted_or_missing_action_count"":0,""status"":""complete"",""total"":828.1514178961515,""unknown_action_count"":0}","{""known"":635.0849149748683,""not_attempted_or_missing_action_count"":0,""status"":""complete"",""total"":635.0849149748683,""unknown_action_count"":0}","{""known"":873.8210434094071,""not_attempted_or_missing_action_count"":0,""status"":""complete"",""total"":873.8210434094071,""unknown_action_count"":0}","{""known"":675.5120428279042,""not_attempted_or_missing_action_count"":0,""status"":""complete"",""total"":675.5120428279042,""unknown_action_count"":0}",69.96858306229115,69.96858306229115,0,2.676294185221195,2.676294185221195,0,4158123,4158123,0,13766,13766,0
m15-fb-confirmatory-48-f3-03,f3_aggregate_risk_ranking,heldout_family,False,fixed_hash,6,6,6,"{""completed"":6}",85.46293759718537,"{""balanced-00"":86.34287491440773,""balanced-01"":83.61729141324759,""balanced-02"":88.24287541210651,""balanced-03"":82.7578753232956,""balanced-04"":84.58300027996302,""balanced-05"":91.62945859134197}",{},0,"{""known"":12,""not_attempted_or_missing_action_count"":0,""status"":""complete"",""total"":12,""unknown_action_count"":0}","{""known"":0,""not_attempted_or_missing_action_count"":0,""status"":""not_applicable"",""total"":0,""unknown_action_count"":0}","{""known"":1496796,""not_attempted_or_missing_action_count"":0,""status"":""complete"",""total"":1496796,""unknown_action_count"":0}","{""known"":0,""not_attempted_or_missing_action_count"":0,""status"":""not_applicable"",""total"":0,""unknown_action_count"":0}","{""known"":436.5432085469365,""not_attempted_or_missing_action_count"":0,""status"":""complete"",""total"":436.5432085469365,""unknown_action_count"":0}","{""known"":0,""not_attempted_or_missing_action_count"":0,""status"":""not_applicable"",""total"":0,""unknown_action_count"":0}","{""known"":472.8972502052784,""not_attempted_or_missing_action_count"":0,""status"":""complete"",""total"":472.8972502052784,""unknown_action_count"":0}","{""known"":0,""not_attempted_or_missing_action_count"":0,""status"":""not_applicable"",""total"":0,""unknown_action_count"":0}",42.83720999956131,42.83720999956131,0,4.479957744479179,4.479957744479179,0,3358688,3358688,0,5405,5405,0
m15-fb-confirmatory-48-f3-03,f3_aggregate_risk_ranking,heldout_family,False,fixed_bind,6,6,6,"{""completed"":6}",36.10868798568845,"{""balanced-00"":47.456166706979275,""balanced-01"":32.13408309966326,""balanced-02"":34.47883389890194,""balanced-03"":37.73854207247496,""balanced-04"":34.31337419897318,""balanced-05"":59.64183248579502}",{},0,"{""known"":12,""not_attempted_or_missing_action_count"":0,""status"":""complete"",""total"":12,""unknown_action_count"":0}","{""known"":0,""not_attempted_or_missing_action_count"":0,""status"":""not_applicable"",""total"":0,""unknown_action_count"":0}","{""known"":211950,""not_attempted_or_missing_action_count"":0,""status"":""complete"",""total"":211950,""unknown_action_count"":0}","{""known"":0,""not_attempted_or_missing_action_count"":0,""status"":""not_applicable"",""total"":0,""unknown_action_count"":0}","{""known"":223.86391833424568,""not_attempted_or_missing_action_count"":0,""status"":""complete"",""total"":223.86391833424568,""unknown_action_count"":0}","{""known"":0,""not_attempted_or_missing_action_count"":0,""status"":""not_applicable"",""total"":0,""unknown_action_count"":0}","{""known"":229.7109980136156,""not_attempted_or_missing_action_count"":0,""status"":""complete"",""total"":229.7109980136156,""unknown_action_count"":0}","{""known"":0,""not_attempted_or_missing_action_count"":0,""status"":""not_applicable"",""total"":0,""unknown_action_count"":0}",15.358042903244495,15.358042903244495,0,2.436918206512928,2.436918206512928,0,464133,464133,0,5503,5503,0
m15-fb-confirmatory-48-f3-03,f3_aggregate_risk_ranking,heldout_family,False,paid_selection,6,6,6,"{""completed"":6}",173.49952086806297,"{""balanced-00"":186.23879179358482,""balanced-01"":206.6119583323598,""balanced-02"":157.05641731619835,""balanced-03"":176.21266655623913,""balanced-04"":166.50129202753305,""balanced-05"":170.78637517988682}","{""control_first_bound_aggregate"":6}",0,"{""known"":36,""not_attempted_or_missing_action_count"":0,""status"":""complete"",""total"":36,""unknown_action_count"":0}","{""known"":24,""not_attempted_or_missing_action_count"":0,""status"":""complete"",""total"":24,""unknown_action_count"":0}","{""known"":1920696,""not_attempted_or_missing_action_count"":0,""status"":""complete"",""total"":1920696,""unknown_action_count"":0}","{""known"":1708746,""not_attempted_or_missing_action_count"":0,""status"":""complete"",""total"":1708746,""unknown_action_count"":0}","{""known"":913.9377493411303,""not_attempted_or_missing_action_count"":0,""status"":""complete"",""total"":913.9377493411303,""unknown_action_count"":0}","{""known"":709.163916297257,""not_attempted_or_missing_action_count"":0,""status"":""complete"",""total"":709.163916297257,""unknown_action_count"":0}","{""known"":984.2265015468001,""not_attempted_or_missing_action_count"":0,""status"":""complete"",""total"":984.2265015468001,""unknown_action_count"":0}","{""known"":773.8417079672217,""not_attempted_or_missing_action_count"":0,""status"":""complete"",""total"":773.8417079672217,""unknown_action_count"":0}",76.4659158885479,76.4659158885479,0,2.5435825809836388,2.5435825809836388,0,4330531,4330531,0,13769,13769,0
m15-fb-confirmatory-48-f3-04,f3_aggregate_risk_ranking,heldout_family,False,fixed_hash,6,6,6,"{""completed"":6}",85.63281269744039,"{""balanced-00"":98.15075062215328,""balanced-01"":80.68704232573509,""balanced-02"":88.3029168471694,""balanced-03"":89.44858238101006,""balanced-04"":77.73154135793447,""balanced-05"":82.96270854771137}",{},0,"{""known"":12,""not_attempted_or_missing_action_count"":0,""status"":""complete"",""total"":12,""unknown_action_count"":0}","{""known"":0,""not_attempted_or_missing_action_count"":0,""status"":""not_applicable"",""total"":0,""unknown_action_count"":0}","{""known"":1480896,""not_attempted_or_missing_action_count"":0,""status"":""complete"",""total"":1480896,""unknown_action_count"":0}","{""known"":0,""not_attempted_or_missing_action_count"":0,""status"":""not_applicable"",""total"":0,""unknown_action_count"":0}","{""known"":433.15612711012363,""not_attempted_or_missing_action_count"":0,""status"":""complete"",""total"":433.15612711012363,""unknown_action_count"":0}","{""known"":0,""not_attempted_or_missing_action_count"":0,""status"":""not_applicable"",""total"":0,""unknown_action_count"":0}","{""known"":474.50896073132753,""not_attempted_or_missing_action_count"":0,""status"":""complete"",""total"":474.50896073132753,""unknown_action_count"":0}","{""known"":0,""not_attempted_or_missing_action_count"":0,""status"":""not_applicable"",""total"":0,""unknown_action_count"":0}",41.32241662591696,41.32241662591696,0,2.5292066857218742,2.5292066857218742,0,3308417,3308417,0,5405,5405,0
m15-fb-confirmatory-48-f3-04,f3_aggregate_risk_ranking,heldout_family,False,fixed_bind,6,6,6,"{""completed"":6}",33.34397915750742,"{""balanced-00"":37.561750039458275,""balanced-01"":40.08854180574417,""balanced-02"":33.49887486547232,""balanced-03"":33.18908344954252,""balanced-04"":31.66708443313837,""balanced-05"":30.871832743287086}",{},0,"{""known"":12,""not_attempted_or_missing_action_count"":0,""status"":""complete"",""total"":12,""unknown_action_count"":0}","{""known"":0,""not_attempted_or_missing_action_count"":0,""status"":""not_applicable"",""total"":0,""unknown_action_count"":0}","{""known"":196116,""not_attempted_or_missing_action_count"":0,""status"":""complete"",""total"":196116,""unknown_action_count"":0}","{""known"":0,""not_attempted_or_missing_action_count"":0,""status"":""not_applicable"",""total"":0,""unknown_action_count"":0}","{""known"":187.04800121486187,""not_attempted_or_missing_action_count"":0,""status"":""complete"",""total"":187.04800121486187,""unknown_action_count"":0}","{""known"":0,""not_attempted_or_missing_action_count"":0,""status"":""not_applicable"",""total"":0,""unknown_action_count"":0}","{""known"":192.56545882672071,""not_attempted_or_missing_action_count"":0,""status"":""complete"",""total"":192.56545882672071,""unknown_action_count"":0}","{""known"":0,""not_attempted_or_missing_action_count"":0,""status"":""not_applicable"",""total"":0,""unknown_action_count"":0}",13.585751876235008,13.585751876235008,0,2.4181678891181946,2.4181678891181946,0,432748,432748,0,5504,5504,0
m15-fb-confirmatory-48-f3-04,f3_aggregate_risk_ranking,heldout_family,False,paid_selection,6,6,6,"{""completed"":6}",179.66781230643392,"{""balanced-00"":190.20841736346483,""balanced-01"":190.91866724193096,""balanced-02"":186.35941669344902,""balanced-03"":172.9762079194188,""balanced-04"":157.01487474143505,""balanced-05"":160.70858389139175}","{""control_first_bound_aggregate"":6}",0,"{""known"":36,""not_attempted_or_missing_action_count"":0,""status"":""complete"",""total"":36,""unknown_action_count"":0}","{""known"":24,""not_attempted_or_missing_action_count"":0,""status"":""complete"",""total"":24,""unknown_action_count"":0}","{""known"":1873128,""not_attempted_or_missing_action_count"":0,""status"":""complete"",""total"":1873128,""unknown_action_count"":0}","{""known"":1677012,""not_attempted_or_missing_action_count"":0,""status"":""complete"",""total"":1677012,""unknown_action_count"":0}","{""known"":903.6677060648799,""not_attempted_or_missing_action_count"":0,""status"":""complete"",""total"":903.6677060648799,""unknown_action_count"":0}","{""known"":700.1794138923287,""not_attempted_or_missing_action_count"":0,""status"":""complete"",""total"":700.1794138923287,""unknown_action_count"":0}","{""known"":981.7908341065049,""not_attempted_or_missing_action_count"":0,""status"":""complete"",""total"":981.7908341065049,""unknown_action_count"":0}","{""known"":772.8685000911355,""not_attempted_or_missing_action_count"":0,""status"":""complete"",""total"":772.8685000911355,""unknown_action_count"":0}",73.99108819663525,73.99108819663525,0,2.6717912405729294,2.6717912405729294,0,4217449,4217449,0,13769,13769,0
m15-fb-confirmatory-48-f3-05,f3_aggregate_risk_ranking,heldout_family,False,fixed_hash,6,6,6,"{""completed"":6}",90.2343955822289,"{""balanced-00"":89.20220844447613,""balanced-01"":93.38274970650673,""balanced-02"":109.5062904059887,""balanced-03"":78.42870894819498,""balanced-04"":91.26658271998167,""balanced-05"":82.16308243572712}",{},0,"{""known"":12,""not_attempted_or_missing_action_count"":0,""status"":""complete"",""total"":12,""unknown_action_count"":0}","{""known"":0,""not_attempted_or_missing_action_count"":0,""status"":""not_applicable"",""total"":0,""unknown_action_count"":0}","{""known"":1487976,""not_attempted_or_missing_action_count"":0,""status"":""complete"",""total"":1487976,""unknown_action_count"":0}","{""known"":0,""not_attempted_or_missing_action_count"":0,""status"":""not_applicable"",""total"":0,""unknown_action_count"":0}","{""known"":466.82337392121553,""not_attempted_or_missing_action_count"":0,""status"":""complete"",""total"":466.82337392121553,""unknown_action_count"":0}","{""known"":0,""not_attempted_or_missing_action_count"":0,""status"":""not_applicable"",""total"":0,""unknown_action_count"":0}","{""known"":501.9241254776716,""not_attempted_or_missing_action_count"":0,""status"":""complete"",""total"":501.9241254776716,""unknown_action_count"":0}","{""known"":0,""not_attempted_or_missing_action_count"":0,""status"":""not_applicable"",""total"":0,""unknown_action_count"":0}",40.80453794449568,40.80453794449568,0,2.6519568637013435,2.6519568637013435,0,3345516,3345516,0,5406,5406,0
m15-fb-confirmatory-48-f3-05,f3_aggregate_risk_ranking,heldout_family,False,fixed_bind,6,6,6,"{""completed"":6}",34.3238958157599,"{""balanced-00"":34.068167209625244,""balanced-01"":40.602666325867176,""balanced-02"":34.57962442189455,""balanced-03"":33.43041706830263,""balanced-04"":33.25833287090063,""balanced-05"":42.23579168319702}",{},0,"{""known"":12,""not_attempted_or_missing_action_count"":0,""status"":""complete"",""total"":12,""unknown_action_count"":0}","{""known"":0,""not_attempted_or_missing_action_count"":0,""status"":""not_applicable"",""total"":0,""unknown_action_count"":0}","{""known"":203022,""not_attempted_or_missing_action_count"":0,""status"":""complete"",""total"":203022,""unknown_action_count"":0}","{""known"":0,""not_attempted_or_missing_action_count"":0,""status"":""not_applicable"",""total"":0,""unknown_action_count"":0}","{""known"":184.62820630520582,""not_attempted_or_missing_action_count"":0,""status"":""complete"",""total"":184.62820630520582,""unknown_action_count"":0}","{""known"":0,""not_attempted_or_missing_action_count"":0,""status"":""not_applicable"",""total"":0,""unknown_action_count"":0}","{""known"":203.04529089480639,""not_attempted_or_missing_action_count"":0,""status"":""complete"",""total"":203.04529089480639,""unknown_action_count"":0}","{""known"":0,""not_attempted_or_missing_action_count"":0,""status"":""not_applicable"",""total"":0,""unknown_action_count"":0}",14.398583211004734,14.398583211004734,0,2.5009987875819206,2.5009987875819206,0,445822,445822,0,5504,5504,0
m15-fb-confirmatory-48-f3-05,f3_aggregate_risk_ranking,heldout_family,False,paid_selection,6,6,6,"{""completed"":6}",150.87539609521627,"{""balanced-00"":186.95429246872663,""balanced-01"":183.0248748883605,""balanced-02"":153.21641694754362,""balanced-03"":148.53437524288893,""balanced-04"":146.46225050091743,""balanced-05"":146.3174158707261}","{""control_first_bound_aggregate"":6}",0,"{""known"":36,""not_attempted_or_missing_action_count"":0,""status"":""complete"",""total"":36,""unknown_action_count"":0}","{""known"":24,""not_attempted_or_missing_action_count"":0,""status"":""complete"",""total"":24,""unknown_action_count"":0}","{""known"":1894020,""not_attempted_or_missing_action_count"":0,""status"":""complete"",""total"":1894020,""unknown_action_count"":0}","{""known"":1690998,""not_attempted_or_missing_action_count"":0,""status"":""complete"",""total"":1690998,""unknown_action_count"":0}","{""known"":845.7245416939259,""not_attempted_or_missing_action_count"":0,""status"":""complete"",""total"":845.7245416939259,""unknown_action_count"":0}","{""known"":661.9505416601896,""not_attempted_or_missing_action_count"":0,""status"":""complete"",""total"":661.9505416601896,""unknown_action_count"":0}","{""known"":893.5324614867568,""not_attempted_or_missing_action_count"":0,""status"":""complete"",""total"":893.5324614867568,""unknown_action_count"":0}","{""known"":704.2765421792865,""not_attempted_or_missing_action_count"":0,""status"":""complete"",""total"":704.2765421792865,""unknown_action_count"":0}",68.59953328967094,68.59953328967094,0,2.507624216377735,2.507624216377735,0,4280744,4280744,0,13768,13768,0
m15-fb-confirmatory-48-f3-06,f3_aggregate_risk_ranking,heldout_family,False,fixed_hash,6,6,6,"{""completed"":6}",88.23187556117773,"{""balanced-00"":110.71804165840149,""balanced-01"":86.35616768151522,""balanced-02"":90.10758344084024,""balanced-03"":85.17541736364365,""balanced-04"":80.59066627174616,""balanced-05"":114.53066673129797}",{},0,"{""known"":12,""not_attempted_or_missing_action_count"":0,""status"":""complete"",""total"":12,""unknown_action_count"":0}","{""known"":0,""not_attempted_or_missing_action_count"":0,""status"":""not_applicable"",""total"":0,""unknown_action_count"":0}","{""known"":1471734,""not_attempted_or_missing_action_count"":0,""status"":""complete"",""total"":1471734,""unknown_action_count"":0}","{""known"":0,""not_attempted_or_missing_action_count"":0,""status"":""not_applicable"",""total"":0,""unknown_action_count"":0}","{""known"":474.1121269762516,""not_attempted_or_missing_action_count"":0,""status"":""complete"",""total"":474.1121269762516,""unknown_action_count"":0}","{""known"":0,""not_attempted_or_missing_action_count"":0,""status"":""not_applicable"",""total"":0,""unknown_action_count"":0}","{""known"":522.9940805584192,""not_attempted_or_missing_action_count"":0,""status"":""complete"",""total"":522.9940805584192,""unknown_action_count"":0}","{""known"":0,""not_attempted_or_missing_action_count"":0,""status"":""not_applicable"",""total"":0,""unknown_action_count"":0}",42.882289737463,42.882289737463,0,2.304334193468094,2.304334193468094,0,3292379,3292379,0,5405,5405,0
m15-fb-confirmatory-48-f3-06,f3_aggregate_risk_ranking,heldout_family,False,fixed_bind,6,6,6,"{""completed"":6}",39.80729170143604,"{""balanced-00"":38.28570805490017,""balanced-01"":41.360958479344845,""balanced-02"":39.148708805441856,""balanced-03"":34.177083522081375,""balanced-04"":40.46587459743023,""balanced-05"":45.487833209335804}",{},0,"{""known"":12,""not_attempted_or_missing_action_count"":0,""status"":""complete"",""total"":12,""unknown_action_count"":0}","{""known"":0,""not_attempted_or_missing_action_count"":0,""status"":""not_applicable"",""total"":0,""unknown_action_count"":0}","{""known"":186912,""not_attempted_or_missing_action_count"":0,""status"":""complete"",""total"":186912,""unknown_action_count"":0}","{""known"":0,""not_attempted_or_missing_action_count"":0,""status"":""not_applicable"",""total"":0,""unknown_action_count"":0}","{""known"":219.1111659631133,""not_attempted_or_missing_action_count"":0,""status"":""complete"",""total"":219.1111659631133,""unknown_action_count"":0}","{""known"":0,""not_attempted_or_missing_action_count"":0,""status"":""not_applicable"",""total"":0,""unknown_action_count"":0}","{""known"":224.66691862791777,""not_attempted_or_missing_action_count"":0,""status"":""complete"",""total"":224.66691862791777,""unknown_action_count"":0}","{""known"":0,""not_attempted_or_missing_action_count"":0,""status"":""not_applicable"",""total"":0,""unknown_action_count"":0}",13.522416353225708,13.522416353225708,0,2.461540512740612,2.461540512740612,0,414097,414097,0,5503,5503,0
m15-fb-confirmatory-48-f3-06,f3_aggregate_risk_ranking,heldout_family,False,paid_selection,6,6,6,"{""completed"":6}",173.72289579361677,"{""balanced-00"":182.69437458366156,""balanced-01"":166.03716649115086,""balanced-02"":162.4497501179576,""balanced-03"":181.4086250960827,""balanced-04"":149.3273749947548,""balanced-05"":195.41762489825487}","{""control_first_bound_aggregate"":6}",0,"{""known"":36,""not_attempted_or_missing_action_count"":0,""status"":""complete"",""total"":36,""unknown_action_count"":0}","{""known"":24,""not_attempted_or_missing_action_count"":0,""status"":""complete"",""total"":24,""unknown_action_count"":0}","{""known"":1845558,""not_attempted_or_missing_action_count"":0,""status"":""complete"",""total"":1845558,""unknown_action_count"":0}","{""known"":1658646,""not_attempted_or_missing_action_count"":0,""status"":""complete"",""total"":1658646,""unknown_action_count"":0}","{""known"":908.7591283023357,""not_attempted_or_missing_action_count"":0,""status"":""complete"",""total"":908.7591283023357,""unknown_action_count"":0}","{""known"":711.6785869002342,""not_attempted_or_missing_action_count"":0,""status"":""complete"",""total"":711.6785869002342,""unknown_action_count"":0}","{""known"":967.5855441018939,""not_attempted_or_missing_action_count"":0,""status"":""complete"",""total"":967.5855441018939,""unknown_action_count"":0}","{""known"":765.2466269209981,""not_attempted_or_missing_action_count"":0,""status"":""complete"",""total"":765.2466269209981,""unknown_action_count"":0}",67.34012626111507,67.34012626111507,0,2.788083627820015,2.788083627820015,0,4164164,4164164,0,13765,13765,0
m15-fb-confirmatory-48-f3-07,f3_aggregate_risk_ranking,heldout_family,False,fixed_hash,6,6,6,"{""completed"":6}",87.49577077105641,"{""balanced-00"":122.13733419775963,""balanced-01"":77.8203746303916,""balanced-02"":81.429791636765,""balanced-03"":86.45558264106512,""balanced-04"":88.5359589010477,""balanced-05"":99.62679073214531}",{},0,"{""known"":12,""not_attempted_or_missing_action_count"":0,""status"":""complete"",""total"":12,""unknown_action_count"":0}","{""known"":0,""not_attempted_or_missing_action_count"":0,""status"":""not_applicable"",""total"":0,""unknown_action_count"":0}","{""known"":1487928,""not_attempted_or_missing_action_count"":0,""status"":""complete"",""total"":1487928,""unknown_action_count"":0}","{""known"":0,""not_attempted_or_missing_action_count"":0,""status"":""not_applicable"",""total"":0,""unknown_action_count"":0}","{""known"":475.9224159643054,""not_attempted_or_missing_action_count"":0,""status"":""complete"",""total"":475.9224159643054,""unknown_action_count"":0}","{""known"":0,""not_attempted_or_missing_action_count"":0,""status"":""not_applicable"",""total"":0,""unknown_action_count"":0}","{""known"":512.4097894877195,""not_attempted_or_missing_action_count"":0,""status"":""complete"",""total"":512.4097894877195,""unknown_action_count"":0}","{""known"":0,""not_attempted_or_missing_action_count"":0,""status"":""not_applicable"",""total"":0,""unknown_action_count"":0}",42.166794650256634,42.166794650256634,0,2.5624139234423637,2.5624139234423637,0,3345344,3345344,0,5403,5403,0
m15-fb-confirmatory-48-f3-07,f3_aggregate_risk_ranking,heldout_family,False,fixed_bind,6,6,6,"{""completed"":6}",36.638375371694565,"{""balanced-00"":42.593374848365784,""balanced-01"":31.322499737143517,""balanced-02"":34.42041669040918,""balanced-03"":38.90733327716589,""balanced-04"":38.856334052979946,""balanced-05"":28.15287560224533}",{},0,"{""known"":12,""not_attempted_or_missing_action_count"":0,""status"":""complete"",""total"":12,""unknown_action_count"":0}","{""known"":0,""not_attempted_or_missing_action_count"":0,""status"":""not_applicable"",""total"":0,""unknown_action_count"":0}","{""known"":203016,""not_attempted_or_missing_action_count"":0,""status"":""complete"",""total"":203016,""unknown_action_count"":0}","{""known"":0,""not_attempted_or_missing_action_count"":0,""status"":""not_applicable"",""total"":0,""unknown_action_count"":0}","{""known"":193.71408317238092,""not_attempted_or_missing_action_count"":0,""status"":""complete"",""total"":193.71408317238092,""unknown_action_count"":0}","{""known"":0,""not_attempted_or_missing_action_count"":0,""status"":""not_applicable"",""total"":0,""unknown_action_count"":0}","{""known"":199.25016723573208,""not_attempted_or_missing_action_count"":0,""status"":""complete"",""total"":199.25016723573208,""unknown_action_count"":0}","{""known"":0,""not_attempted_or_missing_action_count"":0,""status"":""not_applicable"",""total"":0,""unknown_action_count"":0}",14.181332662701607,14.181332662701607,0,2.813916653394699,2.813916653394699,0,445796,445796,0,5505,5505,0
m15-fb-confirmatory-48-f3-07,f3_aggregate_risk_ranking,heldout_family,False,paid_selection,6,6,6,"{""completed"":6}",177.38918727263808,"{""balanced-00"":198.66150058805943,""balanced-01"":160.32925061881542,""balanced-02"":170.83841655403376,""balanced-03"":195.44591661542654,""balanced-04"":183.9399579912424,""balanced-05"":148.55991676449776}","{""control_first_bound_aggregate"":6}",0,"{""known"":36,""not_attempted_or_missing_action_count"":0,""status"":""complete"",""total"":36,""unknown_action_count"":0}","{""known"":24,""not_attempted_or_missing_action_count"":0,""status"":""complete"",""total"":24,""unknown_action_count"":0}","{""known"":1893960,""not_attempted_or_missing_action_count"":0,""status"":""complete"",""total"":1893960,""unknown_action_count"":0}","{""known"":1690944,""not_attempted_or_missing_action_count"":0,""status"":""complete"",""total"":1690944,""unknown_action_count"":0}","{""known"":889.5113365724683,""not_attempted_or_missing_action_count"":0,""status"":""complete"",""total"":889.5113365724683,""unknown_action_count"":0}","{""known"":691.1375420168042,""not_attempted_or_missing_action_count"":0,""status"":""complete"",""total"":691.1375420168042,""unknown_action_count"":0}","{""known"":984.7884168848395,""not_attempted_or_missing_action_count"":0,""status"":""complete"",""total"":984.7884168848395,""unknown_action_count"":0}","{""known"":780.8134583756328,""not_attempted_or_missing_action_count"":0,""status"":""complete"",""total"":780.8134583756328,""unknown_action_count"":0}",70.59283833950758,70.59283833950758,0,2.5221239775419235,2.5221239775419235,0,4280512,4280512,0,13769,13769,0
m15-fb-confirmatory-48-f3-08,f3_aggregate_risk_ranking,heldout_family,False,fixed_hash,6,6,6,"{""completed"":6}",84.23504093661904,"{""balanced-00"":77.71033328026533,""balanced-01"":82.35991653054953,""balanced-02"":98.61587546765804,""balanced-03"":83.66491552442312,""balanced-04"":96.83312475681305,""balanced-05"":84.80516634881496}",{},0,"{""known"":12,""not_attempted_or_missing_action_count"":0,""status"":""complete"",""total"":12,""unknown_action_count"":0}","{""known"":0,""not_attempted_or_missing_action_count"":0,""status"":""not_applicable"",""total"":0,""unknown_action_count"":0}","{""known"":1472430,""not_attempted_or_missing_action_count"":0,""status"":""complete"",""total"":1472430,""unknown_action_count"":0}","{""known"":0,""not_attempted_or_missing_action_count"":0,""status"":""not_applicable"",""total"":0,""unknown_action_count"":0}","{""known"":446.17158453911543,""not_attempted_or_missing_action_count"":0,""status"":""complete"",""total"":446.17158453911543,""unknown_action_count"":0}","{""known"":0,""not_attempted_or_missing_action_count"":0,""status"":""not_applicable"",""total"":0,""unknown_action_count"":0}","{""known"":481.1699576675892,""not_attempted_or_missing_action_count"":0,""status"":""complete"",""total"":481.1699576675892,""unknown_action_count"":0}","{""known"":0,""not_attempted_or_missing_action_count"":0,""status"":""not_applicable"",""total"":0,""unknown_action_count"":0}",41.57666768878698,41.57666768878698,0,2.456960268318653,2.456960268318653,0,3282696,3282696,0,5405,5405,0
m15-fb-confirmatory-48-f3-08,f3_aggregate_risk_ranking,heldout_family,False,fixed_bind,6,6,6,"{""completed"":6}",33.14297925680876,"{""balanced-00"":32.89316687732935,""balanced-01"":32.104333862662315,""balanced-02"":33.392791636288166,""balanced-03"":33.46054255962372,""balanced-04"":28.297833167016506,""balanced-05"":37.591833621263504}",{},0,"{""known"":12,""not_attempted_or_missing_action_count"":0,""status"":""complete"",""total"":12,""unknown_action_count"":0}","{""known"":0,""not_attempted_or_missing_action_count"":0,""status"":""not_applicable"",""total"":0,""unknown_action_count"":0}","{""known"":187698,""not_attempted_or_missing_action_count"":0,""status"":""complete"",""total"":187698,""unknown_action_count"":0}","{""known"":0,""not_attempted_or_missing_action_count"":0,""status"":""not_applicable"",""total"":0,""unknown_action_count"":0}","{""known"":178.51183377206326,""not_attempted_or_missing_action_count"":0,""status"":""complete"",""total"":178.51183377206326,""unknown_action_count"":0}","{""known"":0,""not_attempted_or_missing_action_count"":0,""status"":""not_applicable"",""total"":0,""unknown_action_count"":0}","{""known"":183.81366692483425,""not_attempted_or_missing_action_count"":0,""status"":""complete"",""total"":183.81366692483425,""unknown_action_count"":0}","{""known"":0,""not_attempted_or_missing_action_count"":0,""status"":""not_applicable"",""total"":0,""unknown_action_count"":0}",13.256044127047062,13.256044127047062,0,2.494584769010544,2.494584769010544,0,415878,415878,0,5506,5506,0
m15-fb-confirmatory-48-f3-08,f3_aggregate_risk_ranking,heldout_family,False,paid_selection,6,6,6,"{""completed"":6}",171.08437465503812,"{""balanced-00"":176.5149999409914,""balanced-01"":168.06270834058523,""balanced-02"":158.98325014859438,""balanced-03"":174.5848748832941,""balanced-04"":145.0972082093358,""balanced-05"":174.106040969491}","{""control_first_bound_aggregate"":6}",0,"{""known"":36,""not_attempted_or_missing_action_count"":0,""status"":""complete"",""total"":36,""unknown_action_count"":0}","{""known"":24,""not_attempted_or_missing_action_count"":0,""status"":""complete"",""total"":24,""unknown_action_count"":0}","{""known"":1847826,""not_attempted_or_missing_action_count"":0,""status"":""complete"",""total"":1847826,""unknown_action_count"":0}","{""known"":1660128,""not_attempted_or_missing_action_count"":0,""status"":""complete"",""total"":1660128,""unknown_action_count"":0}","{""known"":876.4261193573475,""not_attempted_or_missing_action_count"":0,""status"":""complete"",""total"":876.4261193573475,""unknown_action_count"":0}","{""known"":674.6558295562863,""not_attempted_or_missing_action_count"":0,""status"":""complete"",""total"":674.6558295562863,""unknown_action_count"":0}","{""known"":925.6550464779139,""not_attempted_or_missing_action_count"":0,""status"":""complete"",""total"":925.6550464779139,""unknown_action_count"":0}","{""known"":718.8142528757453,""not_attempted_or_missing_action_count"":0,""status"":""complete"",""total"":718.8142528757453,""unknown_action_count"":0}",69.13745775818825,69.13745775818825,0,2.469542436301708,2.469542436301708,0,4158027,4158027,0,13764,13764,0
m15-fb-confirmatory-48-f3-09,f3_aggregate_risk_ranking,heldout_family,False,fixed_hash,6,6,6,"{""completed"":6}",94.09525012597442,"{""balanced-00"":83.94883293658495,""balanced-01"":84.55887529999018,""balanced-02"":103.63162495195866,""balanced-03"":115.89987482875586,""balanced-04"":80.97537513822317,""balanced-05"":115.2317076921463}",{},0,"{""known"":12,""not_attempted_or_missing_action_count"":0,""status"":""complete"",""total"":12,""unknown_action_count"":0}","{""known"":0,""not_attempted_or_missing_action_count"":0,""status"":""not_applicable"",""total"":0,""unknown_action_count"":0}","{""known"":1492116,""not_attempted_or_missing_action_count"":0,""status"":""complete"",""total"":1492116,""unknown_action_count"":0}","{""known"":0,""not_attempted_or_missing_action_count"":0,""status"":""not_applicable"",""total"":0,""unknown_action_count"":0}","{""known"":506.77916407585144,""not_attempted_or_missing_action_count"":0,""status"":""complete"",""total"":506.77916407585144,""unknown_action_count"":0}","{""known"":0,""not_attempted_or_missing_action_count"":0,""status"":""not_applicable"",""total"":0,""unknown_action_count"":0}","{""known"":542.4955422058702,""not_attempted_or_missing_action_count"":0,""status"":""complete"",""total"":542.4955422058702,""unknown_action_count"":0}","{""known"":0,""not_attempted_or_missing_action_count"":0,""status"":""not_applicable"",""total"":0,""unknown_action_count"":0}",40.5037933960557,40.5037933960557,0,2.475043758749962,2.475043758749962,0,3334513,3334513,0,5407,5407,0
m15-fb-confirmatory-48-f3-09,f3_aggregate_risk_ranking,heldout_family,False,fixed_bind,6,6,6,"{""completed"":6}",35.75160447508097,"{""balanced-00"":41.209458373486996,""balanced-01"":36.467500030994415,""balanced-02"":35.03570891916752,""balanced-03"":30.222750268876553,""balanced-04"":38.742417469620705,""balanced-05"":31.702999956905842}",{},0,"{""known"":12,""not_attempted_or_missing_action_count"":0,""status"":""complete"",""total"":12,""unknown_action_count"":0}","{""known"":0,""not_attempted_or_missing_action_count"":0,""status"":""not_applicable"",""total"":0,""unknown_action_count"":0}","{""known"":215016,""not_attempted_or_missing_action_count"":0,""status"":""complete"",""total"":215016,""unknown_action_count"":0}","{""known"":0,""not_attempted_or_missing_action_count"":0,""status"":""not_applicable"",""total"":0,""unknown_action_count"":0}","{""known"":193.34483332931995,""not_attempted_or_missing_action_count"":0,""status"":""complete"",""total"":193.34483332931995,""unknown_action_count"":0}","{""known"":0,""not_attempted_or_missing_action_count"":0,""status"":""not_applicable"",""total"":0,""unknown_action_count"":0}","{""known"":198.99741560220718,""not_attempted_or_missing_action_count"":0,""status"":""complete"",""total"":198.99741560220718,""unknown_action_count"":0}","{""known"":0,""not_attempted_or_missing_action_count"":0,""status"":""not_applicable"",""total"":0,""unknown_action_count"":0}",13.682415708899498,13.682415708899498,0,2.5829169899225235,2.5829169899225235,0,470333,470333,0,5506,5506,0
m15-fb-confirmatory-48-f3-09,f3_aggregate_risk_ranking,heldout_family,False,paid_selection,6,6,6,"{""completed"":6}",166.2536463700235,"{""balanced-00"":191.84658396989107,""balanced-01"":191.92791543900967,""balanced-02"":153.78566551953554,""balanced-03"":148.94733484834433,""balanced-04"":177.18379199504852,""balanced-05"":155.32350074499846}","{""control_first_bound_aggregate"":6}",0,"{""known"":36,""not_attempted_or_missing_action_count"":0,""status"":""complete"",""total"":36,""unknown_action_count"":0}","{""known"":24,""not_attempted_or_missing_action_count"":0,""status"":""complete"",""total"":24,""unknown_action_count"":0}","{""known"":1922148,""not_attempted_or_missing_action_count"":0,""status"":""complete"",""total"":1922148,""unknown_action_count"":0}","{""known"":1707132,""not_attempted_or_missing_action_count"":0,""status"":""complete"",""total"":1707132,""unknown_action_count"":0}","{""known"":894.351583905518,""not_attempted_or_missing_action_count"":0,""status"":""complete"",""total"":894.351583905518,""unknown_action_count"":0}","{""known"":691.5127485990524,""not_attempted_or_missing_action_count"":0,""status"":""complete"",""total"":691.5127485990524,""unknown_action_count"":0}","{""known"":941.779125481844,""not_attempted_or_missing_action_count"":0,""status"":""complete"",""total"":941.779125481844,""unknown_action_count"":0}","{""known"":732.9666242003441,""not_attempted_or_missing_action_count"":0,""status"":""complete"",""total"":732.9666242003441,""unknown_action_count"":0}",74.20828938484192,74.20828938484192,0,2.5122081860899925,2.5122081860899925,0,4318764,4318764,0,13769,13769,0
m15-fb-confirmatory-48-f3-10,f3_aggregate_risk_ranking,heldout_family,False,fixed_hash,6,6,6,"{""completed"":6}",85.42860485613346,"{""balanced-00"":83.80962535738945,""balanced-01"":85.53904201835394,""balanced-02"":85.31816769391298,""balanced-03"":89.09458294510841,""balanced-04"":94.86208483576775,""balanced-05"":82.04879052937031}",{},0,"{""known"":12,""not_attempted_or_missing_action_count"":0,""status"":""complete"",""total"":12,""unknown_action_count"":0}","{""known"":0,""not_attempted_or_missing_action_count"":0,""status"":""not_applicable"",""total"":0,""unknown_action_count"":0}","{""known"":1464018,""not_attempted_or_missing_action_count"":0,""status"":""complete"",""total"":1464018,""unknown_action_count"":0}","{""known"":0,""not_attempted_or_missing_action_count"":0,""status"":""not_applicable"",""total"":0,""unknown_action_count"":0}","{""known"":444.12925094366074,""not_attempted_or_missing_action_count"":0,""status"":""complete"",""total"":444.12925094366074,""unknown_action_count"":0}","{""known"":0,""not_attempted_or_missing_action_count"":0,""status"":""not_applicable"",""total"":0,""unknown_action_count"":0}","{""known"":479.27358467131853,""not_attempted_or_missing_action_count"":0,""status"":""complete"",""total"":479.27358467131853,""unknown_action_count"":0}","{""known"":0,""not_attempted_or_missing_action_count"":0,""status"":""not_applicable"",""total"":0,""unknown_action_count"":0}",40.04899971187115,40.04899971187115,0,2.5629987940192223,2.5629987940192223,0,3274208,3274208,0,5405,5405,0
m15-fb-confirmatory-48-f3-10,f3_aggregate_risk_ranking,heldout_family,False,fixed_bind,6,6,6,"{""completed"":6}",35.60839546844363,"{""balanced-00"":36.66666615754366,""balanced-01"":33.58237538486719,""balanced-02"":56.44591711461544,""balanced-03"":34.550124779343605,""balanced-04"":33.44616759568453,""balanced-05"":38.12762442976236}",{},0,"{""known"":12,""not_attempted_or_missing_action_count"":0,""status"":""complete"",""total"":12,""unknown_action_count"":0}","{""known"":0,""not_attempted_or_missing_action_count"":0,""status"":""not_applicable"",""total"":0,""unknown_action_count"":0}","{""known"":186912,""not_attempted_or_missing_action_count"":0,""status"":""complete"",""total"":186912,""unknown_action_count"":0}","{""known"":0,""not_attempted_or_missing_action_count"":0,""status"":""not_applicable"",""total"":0,""unknown_action_count"":0}","{""known"":213.89546059072018,""not_attempted_or_missing_action_count"":0,""status"":""complete"",""total"":213.89546059072018,""unknown_action_count"":0}","{""known"":0,""not_attempted_or_missing_action_count"":0,""status"":""not_applicable"",""total"":0,""unknown_action_count"":0}","{""known"":219.08141858875751,""not_attempted_or_missing_action_count"":0,""status"":""complete"",""total"":219.08141858875751,""unknown_action_count"":0}","{""known"":0,""not_attempted_or_missing_action_count"":0,""status"":""not_applicable"",""total"":0,""unknown_action_count"":0}",13.112499378621578,13.112499378621578,0,2.2911224514245987,2.2911224514245987,0,414105,414105,0,5502,5502,0
m15-fb-confirmatory-48-f3-10,f3_aggregate_risk_ranking,heldout_family,False,paid_selection,6,6,6,"{""completed"":6}",154.0727079845965,"{""balanced-00"":164.78437464684248,""balanced-01"":151.54608339071274,""balanced-02"":156.59933257848024,""balanced-03"":148.99137429893017,""balanced-04"":178.09404246509075,""balanced-05"":148.74933287501335}","{""control_first_bound_aggregate"":6}",0,"{""known"":36,""not_attempted_or_missing_action_count"":0,""status"":""complete"",""total"":36,""unknown_action_count"":0}","{""known"":24,""not_attempted_or_missing_action_count"":0,""status"":""complete"",""total"":24,""unknown_action_count"":0}","{""known"":1837842,""not_attempted_or_missing_action_count"":0,""status"":""complete"",""total"":1837842,""unknown_action_count"":0}","{""known"":1650930,""not_attempted_or_missing_action_count"":0,""status"":""complete"",""total"":1650930,""unknown_action_count"":0}","{""known"":818.989041261375,""not_attempted_or_missing_action_count"":0,""status"":""complete"",""total"":818.989041261375,""unknown_action_count"":0}","{""known"":637.9116252064705,""not_attempted_or_missing_action_count"":0,""status"":""complete"",""total"":637.9116252064705,""unknown_action_count"":0}","{""known"":875.6755832582712,""not_attempted_or_missing_action_count"":0,""status"":""complete"",""total"":875.6755832582712,""unknown_action_count"":0}","{""known"":689.4579147920012,""not_attempted_or_missing_action_count"":0,""status"":""complete"",""total"":689.4579147920012,""unknown_action_count"":0}",70.3705782070756,70.3705782070756,0,2.4104174226522446,2.4104174226522446,0,4146016,4146016,0,13769,13769,0
m15-fb-confirmatory-48-f3-11,f3_aggregate_risk_ranking,heldout_family,False,fixed_hash,6,6,6,"{""completed"":6}",93.82877079769969,"{""balanced-00"":117.28962510824203,""balanced-01"":90.91654140502214,""balanced-02"":96.74100019037724,""balanced-03"":87.4047502875328,""balanced-04"":112.99520917236805,""balanced-05"":83.97566713392735}",{},0,"{""known"":12,""not_attempted_or_missing_action_count"":0,""status"":""complete"",""total"":12,""unknown_action_count"":0}","{""known"":0,""not_attempted_or_missing_action_count"":0,""status"":""not_applicable"",""total"":0,""unknown_action_count"":0}","{""known"":1479876,""not_attempted_or_missing_action_count"":0,""status"":""complete"",""total"":1479876,""unknown_action_count"":0}","{""known"":0,""not_attempted_or_missing_action_count"":0,""status"":""not_applicable"",""total"":0,""unknown_action_count"":0}","{""known"":506.3767107203603,""not_attempted_or_missing_action_count"":0,""status"":""complete"",""total"":506.3767107203603,""unknown_action_count"":0}","{""known"":0,""not_attempted_or_missing_action_count"":0,""status"":""not_applicable"",""total"":0,""unknown_action_count"":0}","{""known"":542.9082894697785,""not_attempted_or_missing_action_count"":0,""status"":""complete"",""total"":542.9082894697785,""unknown_action_count"":0}","{""known"":0,""not_attempted_or_missing_action_count"":0,""status"":""not_applicable"",""total"":0,""unknown_action_count"":0}",45.01316510140896,45.01316510140896,0,2.716084010899067,2.716084010899067,0,3323174,3323174,0,5407,5407,0
m15-fb-confirmatory-48-f3-11,f3_aggregate_risk_ranking,heldout_family,False,fixed_bind,6,6,6,"{""completed"":6}",38.43641607090831,"{""balanced-00"":45.327999629080296,""balanced-01"":41.34991578757763,""balanced-02"":35.52291635423899,""balanced-03"":32.399917021393776,""balanced-04"":46.29225004464388,""balanced-05"":31.502332538366318}",{},0,"{""known"":12,""not_attempted_or_missing_action_count"":0,""status"":""complete"",""total"":12,""unknown_action_count"":0}","{""known"":0,""not_attempted_or_missing_action_count"":0,""status"":""not_applicable"",""total"":0,""unknown_action_count"":0}","{""known"":211944,""not_attempted_or_missing_action_count"":0,""status"":""complete"",""total"":211944,""unknown_action_count"":0}","{""known"":0,""not_attempted_or_missing_action_count"":0,""status"":""not_applicable"",""total"":0,""unknown_action_count"":0}","{""known"":209.87329445779324,""not_attempted_or_missing_action_count"":0,""status"":""complete"",""total"":209.87329445779324,""unknown_action_count"":0}","{""known"":0,""not_attempted_or_missing_action_count"":0,""status"":""not_applicable"",""total"":0,""unknown_action_count"":0}","{""known"":216.45570825785398,""not_attempted_or_missing_action_count"":0,""status"":""complete"",""total"":216.45570825785398,""unknown_action_count"":0}","{""known"":0,""not_attempted_or_missing_action_count"":0,""status"":""not_applicable"",""total"":0,""unknown_action_count"":0}",15.087708830833435,15.087708830833435,0,2.7552880346775055,2.7552880346775055,0,464103,464103,0,5505,5505,0
m15-fb-confirmatory-48-f3-11,f3_aggregate_risk_ranking,heldout_family,False,paid_selection,6,6,6,"{""completed"":6}",174.29681308567524,"{""balanced-00"":177.76970844715834,""balanced-01"":190.07495790719986,""balanced-02"":150.90879146009684,""balanced-03"":174.6465004980564,""balanced-04"":158.36241655051708,""balanced-05"":173.94712567329407}","{""control_first_bound_aggregate"":6}",0,"{""known"":36,""not_attempted_or_missing_action_count"":0,""status"":""complete"",""total"":36,""unknown_action_count"":0}","{""known"":24,""not_attempted_or_missing_action_count"":0,""status"":""complete"",""total"":24,""unknown_action_count"":0}","{""known"":1903764,""not_attempted_or_missing_action_count"":0,""status"":""complete"",""total"":1903764,""unknown_action_count"":0}","{""known"":1691820,""not_attempted_or_missing_action_count"":0,""status"":""complete"",""total"":1691820,""unknown_action_count"":0}","{""known"":888.0569180473685,""not_attempted_or_missing_action_count"":0,""status"":""complete"",""total"":888.0569180473685,""unknown_action_count"":0}","{""known"":690.6833779066801,""not_attempted_or_missing_action_count"":0,""status"":""complete"",""total"":690.6833779066801,""unknown_action_count"":0}","{""known"":953.5320419818163,""not_attempted_or_missing_action_count"":0,""status"":""complete"",""total"":953.5320419818163,""unknown_action_count"":0}","{""known"":750.0567920506,""not_attempted_or_missing_action_count"":0,""status"":""complete"",""total"":750.0567920506,""unknown_action_count"":0}",69.19183675199747,69.19183675199747,0,2.512834034860134,2.512834034860134,0,4294941,4294941,0,13769,13769,0
m15-fb-confirmatory-48-f3-12,f3_aggregate_risk_ranking,heldout_family,False,fixed_hash,6,6,6,"{""completed"":6}",83.73418776318431,"{""balanced-00"":106.10374994575977,""balanced-01"":80.29741700738668,""balanced-02"":85.40933392941952,""balanced-03"":77.4025833234191,""balanced-04"":110.09283270686865,""balanced-05"":82.0590415969491}",{},0,"{""known"":12,""not_attempted_or_missing_action_count"":0,""status"":""complete"",""total"":12,""unknown_action_count"":0}","{""known"":0,""not_attempted_or_missing_action_count"":0,""status"":""not_applicable"",""total"":0,""unknown_action_count"":0}","{""known"":1486644,""not_attempted_or_missing_action_count"":0,""status"":""complete"",""total"":1486644,""unknown_action_count"":0}","{""known"":0,""not_attempted_or_missing_action_count"":0,""status"":""not_applicable"",""total"":0,""unknown_action_count"":0}","{""known"":442.45637487620115,""not_attempted_or_missing_action_count"":0,""status"":""complete"",""total"":442.45637487620115,""unknown_action_count"":0}","{""known"":0,""not_attempted_or_missing_action_count"":0,""status"":""not_applicable"",""total"":0,""unknown_action_count"":0}","{""known"":498.6817901954055,""not_attempted_or_missing_action_count"":0,""status"":""complete"",""total"":498.6817901954055,""unknown_action_count"":0}","{""known"":0,""not_attempted_or_missing_action_count"":0,""status"":""not_applicable"",""total"":0,""unknown_action_count"":0}",41.291710920631886,41.291710920631886,0,2.673833630979061,2.673833630979061,0,3326030,3326030,0,5406,5406,0
m15-fb-confirmatory-48-f3-12,f3_aggregate_risk_ranking,heldout_family,False,fixed_bind,6,6,6,"{""completed"":6}",32.58920833468437,"{""balanced-00"":32.78524987399578,""balanced-01"":33.52337423712015,""balanced-02"":32.323041930794716,""balanced-03"":32.39316679537296,""balanced-04"":40.75687471777201,""balanced-05"":31.077333725988865}",{},0,"{""known"":12,""not_attempted_or_missing_action_count"":0,""status"":""complete"",""total"":12,""unknown_action_count"":0}","{""known"":0,""not_attempted_or_missing_action_count"":0,""status"":""not_applicable"",""total"":0,""unknown_action_count"":0}","{""known"":202734,""not_attempted_or_missing_action_count"":0,""status"":""complete"",""total"":202734,""unknown_action_count"":0}","{""known"":0,""not_attempted_or_missing_action_count"":0,""status"":""not_applicable"",""total"":0,""unknown_action_count"":0}","{""known"":182.85700026899576,""not_attempted_or_missing_action_count"":0,""status"":""complete"",""total"":182.85700026899576,""unknown_action_count"":0}","{""known"":0,""not_attempted_or_missing_action_count"":0,""status"":""not_applicable"",""total"":0,""unknown_action_count"":0}","{""known"":188.5875826701522,""not_attempted_or_missing_action_count"":0,""status"":""complete"",""total"":188.5875826701522,""unknown_action_count"":0}","{""known"":0,""not_attempted_or_missing_action_count"":0,""status"":""not_applicable"",""total"":0,""unknown_action_count"":0}",13.626626692712307,13.626626692712307,0,2.6062503457069397,2.6062503457069397,0,445945,445945,0,5504,5504,0
m15-fb-confirmatory-48-f3-12,f3_aggregate_risk_ranking,heldout_family,False,paid_selection,6,6,6,"{""completed"":6}",160.51085432991385,"{""balanced-00"":153.63345853984356,""balanced-01"":167.38825011998415,""balanced-02"":142.62966718524694,""balanced-03"":146.93358354270458,""balanced-04"":217.25870855152607,""balanced-05"":180.17512559890747}","{""control_first_bound_aggregate"":6}",0,"{""known"":36,""not_attempted_or_missing_action_count"":0,""status"":""complete"",""total"":36,""unknown_action_count"":0}","{""known"":24,""not_attempted_or_missing_action_count"":0,""status"":""complete"",""total"":24,""unknown_action_count"":0}","{""known"":1892112,""not_attempted_or_missing_action_count"":0,""status"":""complete"",""total"":1892112,""unknown_action_count"":0}","{""known"":1689378,""not_attempted_or_missing_action_count"":0,""status"":""complete"",""total"":1689378,""unknown_action_count"":0}","{""known"":872.38899897784,""not_attempted_or_missing_action_count"":0,""status"":""complete"",""total"":872.38899897784,""unknown_action_count"":0}","{""known"":686.6029975935817,""not_attempted_or_missing_action_count"":0,""status"":""complete"",""total"":686.6029975935817,""unknown_action_count"":0}","{""known"":936.0517943277955,""not_attempted_or_missing_action_count"":0,""status"":""complete"",""total"":936.0517943277955,""unknown_action_count"":0}","{""known"":744.233250617981,""not_attempted_or_missing_action_count"":0,""status"":""complete"",""total"":744.233250617981,""unknown_action_count"":0}",69.65299975126982,69.65299975126982,0,2.516709268093109,2.516709268093109,0,4261507,4261507,0,13770,13770,0
m15-fb-confirmatory-48-f3-13,f3_aggregate_risk_ranking,heldout_family,False,fixed_hash,6,6,6,"{""completed"":6}",98.25885389000177,"{""balanced-00"":105.39841651916504,""balanced-01"":92.97470841556787,""balanced-02"":79.241874627769,""balanced-03"":97.52870816737413,""balanced-04"":107.3472909629345,""balanced-05"":98.98899961262941}",{},0,"{""known"":12,""not_attempted_or_missing_action_count"":0,""status"":""complete"",""total"":12,""unknown_action_count"":0}","{""known"":0,""not_attempted_or_missing_action_count"":0,""status"":""not_applicable"",""total"":0,""unknown_action_count"":0}","{""known"":1454856,""not_attempted_or_missing_action_count"":0,""status"":""complete"",""total"":1454856,""unknown_action_count"":0}","{""known"":0,""not_attempted_or_missing_action_count"":0,""status"":""not_applicable"",""total"":0,""unknown_action_count"":0}","{""known"":481.8289587274194,""not_attempted_or_missing_action_count"":0,""status"":""complete"",""total"":481.8289587274194,""unknown_action_count"":0}","{""known"":0,""not_attempted_or_missing_action_count"":0,""status"":""not_applicable"",""total"":0,""unknown_action_count"":0}","{""known"":538.3012089878321,""not_attempted_or_missing_action_count"":0,""status"":""complete"",""total"":538.3012089878321,""unknown_action_count"":0}","{""known"":0,""not_attempted_or_missing_action_count"":0,""status"":""not_applicable"",""total"":0,""unknown_action_count"":0}",41.958373971283436,41.958373971283436,0,2.3895837366580963,2.3895837366580963,0,3253125,3253125,0,5405,5405,0
m15-fb-confirmatory-48-f3-13,f3_aggregate_risk_ranking,heldout_family,False,fixed_bind,6,6,6,"{""completed"":6}",33.54916628450155,"{""balanced-00"":37.88304142653942,""balanced-01"":33.562541007995605,""balanced-02"":35.868250764906406,""balanced-03"":30.69350030273199,""balanced-04"":33.5357915610075,""balanced-05"":30.718416906893253}",{},0,"{""known"":12,""not_attempted_or_missing_action_count"":0,""status"":""complete"",""total"":12,""unknown_action_count"":0}","{""known"":0,""not_attempted_or_missing_action_count"":0,""status"":""not_applicable"",""total"":0,""unknown_action_count"":0}","{""known"":215058,""not_attempted_or_missing_action_count"":0,""status"":""complete"",""total"":215058,""unknown_action_count"":0}","{""known"":0,""not_attempted_or_missing_action_count"":0,""status"":""not_applicable"",""total"":0,""unknown_action_count"":0}","{""known"":182.10945930331945,""not_attempted_or_missing_action_count"":0,""status"":""complete"",""total"":182.10945930331945,""unknown_action_count"":0}","{""known"":0,""not_attempted_or_missing_action_count"":0,""status"":""not_applicable"",""total"":0,""unknown_action_count"":0}","{""known"":187.7157110720873,""not_attempted_or_missing_action_count"":0,""status"":""complete"",""total"":187.7157110720873,""unknown_action_count"":0}","{""known"":0,""not_attempted_or_missing_action_count"":0,""status"":""not_applicable"",""total"":0,""unknown_action_count"":0}",13.877790421247482,13.877790421247482,0,2.354164607822895,2.354164607822895,0,470590,470590,0,5504,5504,0
m15-fb-confirmatory-48-f3-13,f3_aggregate_risk_ranking,heldout_family,False,paid_selection,6,6,6,"{""completed"":6}",148.1078122742474,"{""balanced-00"":152.40433253347874,""balanced-01"":143.81129201501608,""balanced-02"":177.7261672541499,""balanced-03"":142.60866679251194,""balanced-04"":141.11487474292517,""balanced-05"":153.50145753473043}","{""control_first_bound_aggregate"":6}",0,"{""known"":36,""not_attempted_or_missing_action_count"":0,""status"":""complete"",""total"":36,""unknown_action_count"":0}","{""known"":24,""not_attempted_or_missing_action_count"":0,""status"":""complete"",""total"":24,""unknown_action_count"":0}","{""known"":1884972,""not_attempted_or_missing_action_count"":0,""status"":""complete"",""total"":1884972,""unknown_action_count"":0}","{""known"":1669914,""not_attempted_or_missing_action_count"":0,""status"":""complete"",""total"":1669914,""unknown_action_count"":0}","{""known"":793.7694601714611,""not_attempted_or_missing_action_count"":0,""status"":""complete"",""total"":793.7694601714611,""unknown_action_count"":0}","{""known"":608.597251586616,""not_attempted_or_missing_action_count"":0,""status"":""complete"",""total"":608.597251586616,""unknown_action_count"":0}","{""known"":840.6932055950165,""not_attempted_or_missing_action_count"":0,""status"":""complete"",""total"":840.6932055950165,""unknown_action_count"":0}","{""known"":649.6632061898708,""not_attempted_or_missing_action_count"":0,""status"":""complete"",""total"":649.6632061898708,""unknown_action_count"":0}",68.04616283625364,68.04616283625364,0,2.5742091238498688,2.5742091238498688,0,4237879,4237879,0,13769,13769,0
m15-fb-confirmatory-48-f3-14,f3_aggregate_risk_ranking,heldout_family,False,fixed_hash,6,6,6,"{""completed"":6}",77.38843746483326,"{""balanced-00"":75.69095864892006,""balanced-01"":79.08591628074646,""balanced-02"":74.59733355790377,""balanced-03"":86.54212579131126,""balanced-04"":85.47679055482149,""balanced-05"":72.21133355051279}",{},0,"{""known"":12,""not_attempted_or_missing_action_count"":0,""status"":""complete"",""total"":12,""unknown_action_count"":0}","{""known"":0,""not_attempted_or_missing_action_count"":0,""status"":""not_applicable"",""total"":0,""unknown_action_count"":0}","{""known"":1330014,""not_attempted_or_missing_action_count"":0,""status"":""complete"",""total"":1330014,""unknown_action_count"":0}","{""known"":0,""not_attempted_or_missing_action_count"":0,""status"":""not_applicable"",""total"":0,""unknown_action_count"":0}","{""known"":403.38349994271994,""not_attempted_or_missing_action_count"":0,""status"":""complete"",""total"":403.38349994271994,""unknown_action_count"":0}","{""known"":0,""not_attempted_or_missing_action_count"":0,""status"":""not_applicable"",""total"":0,""unknown_action_count"":0}","{""known"":435.1787520572543,""not_attempted_or_missing_action_count"":0,""status"":""complete"",""total"":435.1787520572543,""unknown_action_count"":0}","{""known"":0,""not_attempted_or_missing_action_count"":0,""status"":""not_applicable"",""total"":0,""unknown_action_count"":0}",37.16633375734091,37.16633375734091,0,2.6560425758361816,2.6560425758361816,0,2977232,2977232,0,5405,5405,0
m15-fb-confirmatory-48-f3-14,f3_aggregate_risk_ranking,heldout_family,False,fixed_bind,6,6,6,"{""completed"":6}",34.85018806532025,"{""balanced-00"":33.58133416622877,""balanced-01"":42.31516644358635,""balanced-02"":32.0568336173892,""balanced-03"":38.302124477922916,""balanced-04"":36.119041964411736,""balanced-05"":33.12308434396982}",{},0,"{""known"":12,""not_attempted_or_missing_action_count"":0,""status"":""complete"",""total"":12,""unknown_action_count"":0}","{""known"":0,""not_attempted_or_missing_action_count"":0,""status"":""not_applicable"",""total"":0,""unknown_action_count"":0}","{""known"":202770,""not_attempted_or_missing_action_count"":0,""status"":""complete"",""total"":202770,""unknown_action_count"":0}","{""known"":0,""not_attempted_or_missing_action_count"":0,""status"":""not_applicable"",""total"":0,""unknown_action_count"":0}","{""known"":195.63683215528727,""not_attempted_or_missing_action_count"":0,""status"":""complete"",""total"":195.63683215528727,""unknown_action_count"":0}","{""known"":0,""not_attempted_or_missing_action_count"":0,""status"":""not_applicable"",""total"":0,""unknown_action_count"":0}","{""known"":201.17512438446283,""not_attempted_or_missing_action_count"":0,""status"":""complete"",""total"":201.17512438446283,""unknown_action_count"":0}","{""known"":0,""not_attempted_or_missing_action_count"":0,""status"":""not_applicable"",""total"":0,""unknown_action_count"":0}",13.616415672004223,13.616415672004223,0,2.400292083621025,2.400292083621025,0,446157,446157,0,5502,5502,0
m15-fb-confirmatory-48-f3-14,f3_aggregate_risk_ranking,heldout_family,False,paid_selection,6,6,6,"{""completed"":6}",159.25714606419206,"{""balanced-00"":156.13941568881273,""balanced-01"":184.28062554448843,""balanced-02"":160.9546672552824,""balanced-03"":166.84608347713947,""balanced-04"":157.5596248731017,""balanced-05"":150.13679023832083}","{""control_first_bound_aggregate"":6}",0,"{""known"":36,""not_attempted_or_missing_action_count"":0,""status"":""complete"",""total"":36,""unknown_action_count"":0}","{""known"":24,""not_attempted_or_missing_action_count"":0,""status"":""complete"",""total"":24,""unknown_action_count"":0}","{""known"":1735554,""not_attempted_or_missing_action_count"":0,""status"":""complete"",""total"":1735554,""unknown_action_count"":0}","{""known"":1532784,""not_attempted_or_missing_action_count"":0,""status"":""complete"",""total"":1532784,""unknown_action_count"":0}","{""known"":864.1969123855233,""not_attempted_or_missing_action_count"":0,""status"":""complete"",""total"":864.1969123855233,""unknown_action_count"":0}","{""known"":626.7839577049017,""not_attempted_or_missing_action_count"":0,""status"":""complete"",""total"":626.7839577049017,""unknown_action_count"":0}","{""known"":908.0014582723379,""not_attempted_or_missing_action_count"":0,""status"":""complete"",""total"":908.0014582723379,""unknown_action_count"":0}","{""known"":665.0580829009414,""not_attempted_or_missing_action_count"":0,""status"":""complete"",""total"":665.0580829009414,""unknown_action_count"":0}",65.58208633214235,65.58208633214235,0,2.7125002816319466,2.7125002816319466,0,3913120,3913120,0,13767,13767,0
m15-fb-confirmatory-48-f3-15,f3_aggregate_risk_ranking,heldout_family,False,fixed_hash,6,6,6,"{""completed"":6}",94.82622984796762,"{""balanced-00"":127.0212922245264,""balanced-01"":102.36341785639524,""balanced-02"":110.15100032091141,""balanced-03"":87.28904183954,""balanced-04"":74.80274979025126,""balanced-05"":82.84716587513685}",{},0,"{""known"":12,""not_attempted_or_missing_action_count"":0,""status"":""complete"",""total"":12,""unknown_action_count"":0}","{""known"":0,""not_attempted_or_missing_action_count"":0,""status"":""not_applicable"",""total"":0,""unknown_action_count"":0}","{""known"":1427886,""not_attempted_or_missing_action_count"":0,""status"":""complete"",""total"":1427886,""unknown_action_count"":0}","{""known"":0,""not_attempted_or_missing_action_count"":0,""status"":""not_applicable"",""total"":0,""unknown_action_count"":0}","{""known"":481.0354607179761,""not_attempted_or_missing_action_count"":0,""status"":""complete"",""total"":481.0354607179761,""unknown_action_count"":0}","{""known"":0,""not_attempted_or_missing_action_count"":0,""status"":""not_applicable"",""total"":0,""unknown_action_count"":0}","{""known"":542.6054997369647,""not_attempted_or_missing_action_count"":0,""status"":""complete"",""total"":542.6054997369647,""unknown_action_count"":0}","{""known"":0,""not_attempted_or_missing_action_count"":0,""status"":""not_applicable"",""total"":0,""unknown_action_count"":0}",40.588254109025,40.588254109025,0,2.761460840702057,2.761460840702057,0,3187775,3187775,0,5403,5403,0
m15-fb-confirmatory-48-f3-15,f3_aggregate_risk_ranking,heldout_family,False,fixed_bind,6,6,6,"{""completed"":6}",36.30893724039197,"{""balanced-00"":52.60866694152355,""balanced-01"":37.13999968022108,""balanced-02"":35.47787480056286,""balanced-03"":40.42870830744505,""balanced-04"":28.91554217785597,""balanced-05"":33.17808359861374}",{},0,"{""known"":12,""not_attempted_or_missing_action_count"":0,""status"":""complete"",""total"":12,""unknown_action_count"":0}","{""known"":0,""not_attempted_or_missing_action_count"":0,""status"":""not_applicable"",""total"":0,""unknown_action_count"":0}","{""known"":188094,""not_attempted_or_missing_action_count"":0,""status"":""complete"",""total"":188094,""unknown_action_count"":0}","{""known"":0,""not_attempted_or_missing_action_count"":0,""status"":""not_applicable"",""total"":0,""unknown_action_count"":0}","{""known"":207.9417072236538,""not_attempted_or_missing_action_count"":0,""status"":""complete"",""total"":207.9417072236538,""unknown_action_count"":0}","{""known"":0,""not_attempted_or_missing_action_count"":0,""status"":""not_applicable"",""total"":0,""unknown_action_count"":0}","{""known"":213.26770819723606,""not_attempted_or_missing_action_count"":0,""status"":""complete"",""total"":213.26770819723606,""unknown_action_count"":0}","{""known"":0,""not_attempted_or_missing_action_count"":0,""status"":""not_applicable"",""total"":0,""unknown_action_count"":0}",13.788041658699512,13.788041658699512,0,2.3722099140286446,2.3722099140286446,0,416686,416686,0,5500,5500,0
m15-fb-confirmatory-48-f3-15,f3_aggregate_risk_ranking,heldout_family,False,paid_selection,6,6,6,"{""completed"":6}",157.23254159092903,"{""balanced-00"":707.4928749352694,""balanced-01"":149.8448746278882,""balanced-02"":137.813875451684,""balanced-03"":164.62020855396986,""balanced-04"":179.79879211634398,""balanced-05"":145.1390003785491}","{""control_first_bound_aggregate"":6}",0,"{""known"":36,""not_attempted_or_missing_action_count"":0,""status"":""complete"",""total"":36,""unknown_action_count"":0}","{""known"":24,""not_attempted_or_missing_action_count"":0,""status"":""complete"",""total"":24,""unknown_action_count"":0}","{""known"":1804074,""not_attempted_or_missing_action_count"":0,""status"":""complete"",""total"":1804074,""unknown_action_count"":0}","{""known"":1615980,""not_attempted_or_missing_action_count"":0,""status"":""complete"",""total"":1615980,""unknown_action_count"":0}","{""known"":1352.2291649132967,""not_attempted_or_missing_action_count"":0,""status"":""complete"",""total"":1352.2291649132967,""unknown_action_count"":0}","{""known"":1143.5716236010194,""not_attempted_or_missing_action_count"":0,""status"":""complete"",""total"":1143.5716236010194,""unknown_action_count"":0}","{""known"":1415.491919964552,""not_attempted_or_missing_action_count"":0,""status"":""complete"",""total"":1415.491919964552,""unknown_action_count"":0}","{""known"":1201.6597529873252,""not_attempted_or_missing_action_count"":0,""status"":""complete"",""total"":1201.6597529873252,""unknown_action_count"":0}",66.85208342969418,66.85208342969418,0,2.507459372282028,2.507459372282028,0,4064714,4064714,0,13763,13763,0
m15-fb-confirmatory-48-f3-16,f3_aggregate_risk_ranking,heldout_family,False,fixed_hash,6,6,6,"{""completed"":6}",87.19762554392219,"{""balanced-00"":90.79170972108841,""balanced-01"":80.88804222643375,""balanced-02"":88.20545952767134,""balanced-03"":86.18979156017303,""balanced-04"":113.67208417505026,""balanced-05"":80.35333268344402}",{},0,"{""known"":12,""not_attempted_or_missing_action_count"":0,""status"":""complete"",""total"":12,""unknown_action_count"":0}","{""known"":0,""not_attempted_or_missing_action_count"":0,""status"":""not_applicable"",""total"":0,""unknown_action_count"":0}","{""known"":1426758,""not_attempted_or_missing_action_count"":0,""status"":""complete"",""total"":1426758,""unknown_action_count"":0}","{""known"":0,""not_attempted_or_missing_action_count"":0,""status"":""not_applicable"",""total"":0,""unknown_action_count"":0}","{""known"":461.70670725405216,""not_attempted_or_missing_action_count"":0,""status"":""complete"",""total"":461.70670725405216,""unknown_action_count"":0}","{""known"":0,""not_attempted_or_missing_action_count"":0,""status"":""not_applicable"",""total"":0,""unknown_action_count"":0}","{""known"":495.96500117331743,""not_attempted_or_missing_action_count"":0,""status"":""complete"",""total"":495.96500117331743,""unknown_action_count"":0}","{""known"":0,""not_attempted_or_missing_action_count"":0,""status"":""not_applicable"",""total"":0,""unknown_action_count"":0}",42.80708450824022,42.80708450824022,0,2.669917419552803,2.669917419552803,0,3192819,3192819,0,5407,5407,0
m15-fb-confirmatory-48-f3-16,f3_aggregate_risk_ranking,heldout_family,False,fixed_bind,6,6,6,"{""completed"":6}",34.793729428201914,"{""balanced-00"":34.543958492577076,""balanced-01"":32.81341586261988,""balanced-02"":48.480041325092316,""balanced-03"":40.02154152840376,""balanced-04"":31.555499881505966,""balanced-05"":35.04350036382675}",{},0,"{""known"":12,""not_attempted_or_missing_action_count"":0,""status"":""complete"",""total"":12,""unknown_action_count"":0}","{""known"":0,""not_attempted_or_missing_action_count"":0,""status"":""not_applicable"",""total"":0,""unknown_action_count"":0}","{""known"":186900,""not_attempted_or_missing_action_count"":0,""status"":""complete"",""total"":186900,""unknown_action_count"":0}","{""known"":0,""not_attempted_or_missing_action_count"":0,""status"":""not_applicable"",""total"":0,""unknown_action_count"":0}","{""known"":202.4690406396985,""not_attempted_or_missing_action_count"":0,""status"":""complete"",""total"":202.4690406396985,""unknown_action_count"":0}","{""known"":0,""not_attempted_or_missing_action_count"":0,""status"":""not_applicable"",""total"":0,""unknown_action_count"":0}","{""known"":207.78370834887028,""not_attempted_or_missing_action_count"":0,""status"":""complete"",""total"":207.78370834887028,""unknown_action_count"":0}","{""known"":0,""not_attempted_or_missing_action_count"":0,""status"":""not_applicable"",""total"":0,""unknown_action_count"":0}",13.987245969474316,13.987245969474316,0,2.4521658197045326,2.4521658197045326,0,414041,414041,0,5505,5505,0
m15-fb-confirmatory-48-f3-16,f3_aggregate_risk_ranking,heldout_family,False,paid_selection,6,6,6,"{""completed"":6}",151.09275095164776,"{""balanced-00"":169.58291549235582,""balanced-01"":144.7981670498848,""balanced-02"":149.53045919537544,""balanced-03"":152.65504270792007,""balanced-04"":146.12066559493542,""balanced-05"":175.86087435483932}","{""control_first_bound_aggregate"":6}",0,"{""known"":36,""not_attempted_or_missing_action_count"":0,""status"":""complete"",""total"":36,""unknown_action_count"":0}","{""known"":24,""not_attempted_or_missing_action_count"":0,""status"":""complete"",""total"":24,""unknown_action_count"":0}","{""known"":1800558,""not_attempted_or_missing_action_count"":0,""status"":""complete"",""total"":1800558,""unknown_action_count"":0}","{""known"":1613658,""not_attempted_or_missing_action_count"":0,""status"":""complete"",""total"":1613658,""unknown_action_count"":0}","{""known"":821.0492078214884,""not_attempted_or_missing_action_count"":0,""status"":""complete"",""total"":821.0492078214884,""unknown_action_count"":0}","{""known"":636.0771674662828,""not_attempted_or_missing_action_count"":0,""status"":""complete"",""total"":636.0771674662828,""unknown_action_count"":0}","{""known"":865.6453331932425,""not_attempted_or_missing_action_count"":0,""status"":""complete"",""total"":865.6453331932425,""unknown_action_count"":0}","{""known"":675.388541072607,""not_attempted_or_missing_action_count"":0,""status"":""complete"",""total"":675.388541072607,""unknown_action_count"":0}",70.77012676745653,70.77012676745653,0,2.380289137363434,2.380289137363434,0,4064485,4064485,0,13769,13769,0
